-- Generated by Craft v2.5.2761 on 10. 2. 2016 16:45:25.

--
-- Disable foreign key checks and autocommit.
--

SET FOREIGN_KEY_CHECKS = 0;
SET SQL_MODE = "NO_AUTO_VALUE_ON_ZERO";
SET AUTOCOMMIT = 0;
SET NAMES utf8;


DROP TABLE IF EXISTS `katr_assetfiles`;


--
-- Schema for table `katr_assetfiles`
--
CREATE TABLE `katr_assetfiles` (
  `id` int(11) NOT NULL,
  `sourceId` int(11) DEFAULT NULL,
  `folderId` int(11) NOT NULL,
  `filename` varchar(255) COLLATE utf8_unicode_ci NOT NULL,
  `kind` varchar(50) COLLATE utf8_unicode_ci NOT NULL DEFAULT 'unknown',
  `width` int(11) unsigned DEFAULT NULL,
  `height` int(11) unsigned DEFAULT NULL,
  `size` int(11) unsigned DEFAULT NULL,
  `dateModified` datetime DEFAULT NULL,
  `dateCreated` datetime NOT NULL,
  `dateUpdated` datetime NOT NULL,
  `uid` char(36) COLLATE utf8_unicode_ci NOT NULL DEFAULT '0',
  PRIMARY KEY (`id`),
  UNIQUE KEY `katr_assetfiles_filename_folderId_unq_idx` (`filename`,`folderId`),
  KEY `katr_assetfiles_sourceId_fk` (`sourceId`),
  KEY `katr_assetfiles_folderId_fk` (`folderId`)
) ENGINE=InnoDB DEFAULT CHARSET=utf8 COLLATE=utf8_unicode_ci;

--
-- Data for table `katr_assetfiles`
--

INSERT INTO `katr_assetfiles` (`id`, `sourceId`, `folderId`, `filename`, `kind`, `width`, `height`, `size`, `dateModified`, `dateCreated`, `dateUpdated`, `uid`) VALUES
 ('80', '3', '9', 'CZ-Oknotherm-technický-list-bezfalcové-okno.pdf', 'pdf', NULL, NULL, '742349', '2016-02-06 13:39:15', '2016-02-06 13:39:16', '2016-02-06 13:39:32', '31fe75ec-b788-440b-bfeb-6c21d557b3f5'),
 ('90', '3', '7', 'm3_cj.pdf', 'pdf', NULL, NULL, '195066', '2016-02-10 16:35:17', '2016-02-10 16:35:17', '2016-02-10 16:35:17', '00bbf39c-b855-4e7a-b041-a8950f06df11'),
 ('96', '3', '7', 'e3_cj.pdf', 'pdf', NULL, NULL, '186583', '2016-02-10 16:42:29', '2016-02-10 16:42:30', '2016-02-10 16:42:30', '08c70bbb-3c47-4537-a326-560f41bd864c');



DROP TABLE IF EXISTS `katr_assetfolders`;


--
-- Schema for table `katr_assetfolders`
--
CREATE TABLE `katr_assetfolders` (
  `id` int(11) NOT NULL AUTO_INCREMENT,
  `parentId` int(11) DEFAULT NULL,
  `sourceId` int(11) DEFAULT NULL,
  `name` varchar(255) COLLATE utf8_unicode_ci NOT NULL,
  `path` varchar(255) COLLATE utf8_unicode_ci DEFAULT NULL,
  `dateCreated` datetime NOT NULL,
  `dateUpdated` datetime NOT NULL,
  `uid` char(36) COLLATE utf8_unicode_ci NOT NULL DEFAULT '0',
  PRIMARY KEY (`id`),
  UNIQUE KEY `katr_assetfolders_name_parentId_sourceId_unq_idx` (`name`,`parentId`,`sourceId`),
  KEY `katr_assetfolders_parentId_fk` (`parentId`),
  KEY `katr_assetfolders_sourceId_fk` (`sourceId`)
) ENGINE=InnoDB AUTO_INCREMENT=16 DEFAULT CHARSET=utf8 COLLATE=utf8_unicode_ci;

--
-- Data for table `katr_assetfolders`
--

INSERT INTO `katr_assetfolders` (`id`, `parentId`, `sourceId`, `name`, `path`, `dateCreated`, `dateUpdated`, `uid`) VALUES
 ('1', NULL, '1', 'Fotografie', '', '2016-02-03 10:18:50', '2016-02-03 10:18:50', '308cb763-049f-4846-b7fa-31581c05f3f4'),
 ('2', NULL, '2', 'Schémata', '', '2016-02-03 10:19:22', '2016-02-03 10:19:22', '072f24b6-35fe-4e20-8617-0d2610f72ac8'),
 ('3', NULL, '3', 'Dokumenty ke stažení', '', '2016-02-03 10:21:25', '2016-02-03 10:21:25', 'c879c522-b9ba-4ac4-93e2-afdbf1af7020'),
 ('7', '3', '3', 'technicke-listy', 'technicke-listy/', '2016-02-03 10:43:21', '2016-02-03 10:43:21', 'e9f36ccd-7002-4321-8240-aea2d3eb9c01'),
 ('8', '3', '3', 'certifikace', 'certifikace/', '2016-02-03 10:43:42', '2016-02-03 10:43:42', '098ea676-431f-45d0-9e0a-a76e643b8205'),
 ('9', '3', '3', 'ostatni', 'ostatni/', '2016-02-03 10:43:49', '2016-02-03 10:43:49', '1fce0650-2a5a-4fab-8ef4-1866b83bd334'),
 ('10', '1', '1', '01-vyrobkove-rady', '01-vyrobkove-rady/', '2016-02-03 12:49:39', '2016-02-03 12:51:21', '338be535-c169-4681-b984-1dcb56958c03'),
 ('11', '1', '1', '02-ramy', '02-ramy/', '2016-02-03 12:50:17', '2016-02-03 12:51:30', '29115650-8134-4a01-ab19-6a2d87f229ef'),
 ('12', '1', '1', '03-plosne-prvky', '03-plosne-prvky/', '2016-02-03 12:50:44', '2016-02-03 12:51:55', 'b8dadf7d-60bd-426f-ac0f-d23bad1e203b'),
 ('13', '1', '1', '04-vyplne-otvoru', '04-vyplne-otvoru/', '2016-02-03 12:50:50', '2016-02-03 12:52:16', '8aec683c-0e96-433e-a18e-00c2f4902fae'),
 ('14', '1', '1', '05-instalace', '05-instalace/', '2016-02-03 12:50:59', '2016-02-03 12:52:21', 'af948202-12a2-49ce-8110-0c103143d937'),
 ('15', '1', '1', '06-prislusenstvi', '06-prislusenstvi/', '2016-02-03 12:51:05', '2016-02-03 12:52:25', '8c5f36ac-7f68-4a50-aa57-f0e2bd6d69d5');



DROP TABLE IF EXISTS `katr_assetindexdata`;


--
-- Schema for table `katr_assetindexdata`
--
CREATE TABLE `katr_assetindexdata` (
  `id` int(11) NOT NULL AUTO_INCREMENT,
  `sessionId` varchar(36) COLLATE utf8_unicode_ci NOT NULL DEFAULT '',
  `sourceId` int(10) NOT NULL,
  `offset` int(10) NOT NULL,
  `uri` varchar(255) COLLATE utf8_unicode_ci DEFAULT NULL,
  `size` int(10) DEFAULT NULL,
  `recordId` int(10) DEFAULT NULL,
  `dateCreated` datetime NOT NULL,
  `dateUpdated` datetime NOT NULL,
  `uid` char(36) COLLATE utf8_unicode_ci NOT NULL DEFAULT '0',
  PRIMARY KEY (`id`),
  UNIQUE KEY `katr_assetindexdata_sessionId_sourceId_offset_unq_idx` (`sessionId`,`sourceId`,`offset`),
  KEY `katr_assetindexdata_sourceId_fk` (`sourceId`)
) ENGINE=InnoDB DEFAULT CHARSET=utf8 COLLATE=utf8_unicode_ci;

DROP TABLE IF EXISTS `katr_assetsources`;


--
-- Schema for table `katr_assetsources`
--
CREATE TABLE `katr_assetsources` (
  `id` int(11) NOT NULL AUTO_INCREMENT,
  `name` varchar(255) COLLATE utf8_unicode_ci NOT NULL,
  `handle` varchar(255) COLLATE utf8_unicode_ci NOT NULL,
  `type` varchar(150) COLLATE utf8_unicode_ci NOT NULL,
  `settings` text COLLATE utf8_unicode_ci,
  `sortOrder` tinyint(4) DEFAULT NULL,
  `fieldLayoutId` int(10) DEFAULT NULL,
  `dateCreated` datetime NOT NULL,
  `dateUpdated` datetime NOT NULL,
  `uid` char(36) COLLATE utf8_unicode_ci NOT NULL DEFAULT '0',
  PRIMARY KEY (`id`),
  UNIQUE KEY `katr_assetsources_name_unq_idx` (`name`),
  UNIQUE KEY `katr_assetsources_handle_unq_idx` (`handle`),
  KEY `katr_assetsources_fieldLayoutId_fk` (`fieldLayoutId`)
) ENGINE=InnoDB AUTO_INCREMENT=4 DEFAULT CHARSET=utf8 COLLATE=utf8_unicode_ci;

--
-- Data for table `katr_assetsources`
--

INSERT INTO `katr_assetsources` (`id`, `name`, `handle`, `type`, `settings`, `sortOrder`, `fieldLayoutId`, `dateCreated`, `dateUpdated`, `uid`) VALUES
 ('1', 'Fotografie', 'fotografie', 'Local', '{\"path\":\"assets\\/obrazky\\/fotografie\\/\",\"url\":\"assets\\/obrazky\\/fotografie\\/\"}', '1', '27', '2016-02-03 10:18:50', '2016-02-03 10:42:04', '35359d35-373f-4c4c-b7ed-57a413f69a94'),
 ('2', 'Schémata', 'schemata', 'Local', '{\"path\":\"assets\\/obrazky\\/schemata\\/\",\"url\":\"assets\\/obrazky\\/schemata\\/\"}', '2', '26', '2016-02-03 10:19:22', '2016-02-03 10:40:28', 'ab6084a9-e2d1-4063-a983-7e2993898f4f'),
 ('3', 'Dokumenty ke stažení', 'downloads', 'Local', '{\"path\":\"assets\\/soubory\\/\",\"url\":\"assets\\/soubory\\/\"}', '3', '39', '2016-02-03 10:21:25', '2016-02-06 13:38:40', '5fd38e38-ce4e-40ee-89cb-571f61bf2357');



DROP TABLE IF EXISTS `katr_assettransformindex`;


--
-- Schema for table `katr_assettransformindex`
--
CREATE TABLE `katr_assettransformindex` (
  `id` int(11) NOT NULL AUTO_INCREMENT,
  `fileId` int(11) NOT NULL,
  `filename` varchar(255) COLLATE utf8_unicode_ci DEFAULT NULL,
  `format` varchar(255) COLLATE utf8_unicode_ci DEFAULT NULL,
  `location` varchar(255) COLLATE utf8_unicode_ci NOT NULL,
  `sourceId` int(11) DEFAULT NULL,
  `fileExists` tinyint(1) DEFAULT NULL,
  `inProgress` tinyint(1) DEFAULT NULL,
  `dateIndexed` datetime DEFAULT NULL,
  `dateCreated` datetime NOT NULL,
  `dateUpdated` datetime NOT NULL,
  `uid` char(36) COLLATE utf8_unicode_ci NOT NULL DEFAULT '0',
  PRIMARY KEY (`id`),
  KEY `katr_assettransformindex_sourceId_fileId_location_idx` (`sourceId`,`fileId`,`location`)
) ENGINE=InnoDB DEFAULT CHARSET=utf8 COLLATE=utf8_unicode_ci;

DROP TABLE IF EXISTS `katr_assettransforms`;


--
-- Schema for table `katr_assettransforms`
--
CREATE TABLE `katr_assettransforms` (
  `id` int(11) NOT NULL AUTO_INCREMENT,
  `name` varchar(255) COLLATE utf8_unicode_ci NOT NULL,
  `handle` varchar(255) COLLATE utf8_unicode_ci NOT NULL,
  `mode` enum('stretch','fit','crop') COLLATE utf8_unicode_ci NOT NULL DEFAULT 'crop',
  `position` enum('top-left','top-center','top-right','center-left','center-center','center-right','bottom-left','bottom-center','bottom-right') COLLATE utf8_unicode_ci NOT NULL DEFAULT 'center-center',
  `height` int(10) DEFAULT NULL,
  `width` int(10) DEFAULT NULL,
  `format` varchar(255) COLLATE utf8_unicode_ci DEFAULT NULL,
  `quality` int(10) DEFAULT NULL,
  `dimensionChangeTime` datetime DEFAULT NULL,
  `dateCreated` datetime NOT NULL,
  `dateUpdated` datetime NOT NULL,
  `uid` char(36) COLLATE utf8_unicode_ci NOT NULL DEFAULT '0',
  PRIMARY KEY (`id`),
  UNIQUE KEY `katr_assettransforms_name_unq_idx` (`name`),
  UNIQUE KEY `katr_assettransforms_handle_unq_idx` (`handle`)
) ENGINE=InnoDB AUTO_INCREMENT=4 DEFAULT CHARSET=utf8 COLLATE=utf8_unicode_ci;

--
-- Data for table `katr_assettransforms`
--

INSERT INTO `katr_assettransforms` (`id`, `name`, `handle`, `mode`, `position`, `height`, `width`, `format`, `quality`, `dimensionChangeTime`, `dateCreated`, `dateUpdated`, `uid`) VALUES
 ('1', 'Plná velikost', 'fullSize', 'fit', 'center-center', '1680', '1680', NULL, '60', '2016-02-03 10:17:22', '2016-02-03 10:17:22', '2016-02-03 10:17:22', 'ec7164bf-819c-488b-b81a-c02e5184ea67'),
 ('2', 'Náhledy', 'thumb', 'crop', 'center-center', '160', '160', NULL, '30', '2016-02-03 10:17:43', '2016-02-03 10:17:43', '2016-02-03 10:17:43', '3eb8bca9-fe17-4386-b1b2-8ed263015ca5'),
 ('3', 'Velikost pro celostránkové zobrazení', 'fullPage', 'fit', 'center-center', NULL, '2560', NULL, NULL, '2016-02-06 13:43:59', '2016-02-06 13:43:59', '2016-02-06 13:43:59', 'd07dc7c8-e015-4acd-9616-b844d42ce057');



DROP TABLE IF EXISTS `katr_categories`;


--
-- Schema for table `katr_categories`
--
CREATE TABLE `katr_categories` (
  `id` int(11) NOT NULL,
  `groupId` int(11) NOT NULL,
  `dateCreated` datetime NOT NULL,
  `dateUpdated` datetime NOT NULL,
  `uid` char(36) COLLATE utf8_unicode_ci NOT NULL DEFAULT '0',
  PRIMARY KEY (`id`),
  KEY `katr_categories_groupId_fk` (`groupId`)
) ENGINE=InnoDB DEFAULT CHARSET=utf8 COLLATE=utf8_unicode_ci;

--
-- Data for table `katr_categories`
--

INSERT INTO `katr_categories` (`id`, `groupId`, `dateCreated`, `dateUpdated`, `uid`) VALUES
 ('54', '2', '2016-02-02 12:41:48', '2016-02-02 12:44:31', 'c0956e03-b539-436a-b938-0c55dd59ac47'),
 ('55', '2', '2016-02-02 12:41:55', '2016-02-02 12:44:38', '4dc31627-0227-4caa-95d3-d89a0fb3e622'),
 ('56', '2', '2016-02-02 12:42:14', '2016-02-02 12:44:42', '757c1af9-8472-4a7d-b61d-fa12936c5750'),
 ('57', '2', '2016-02-02 12:42:37', '2016-02-02 12:44:21', '6cd81015-80bf-456c-a6f8-247bdca5cb0e'),
 ('58', '2', '2016-02-02 12:42:43', '2016-02-02 12:44:26', '427203af-1f86-4eea-85e4-ac0f64ce7b37'),
 ('59', '6', '2016-02-02 12:45:26', '2016-02-02 12:48:19', 'e01e993f-1a10-4a56-b234-1d322891a27f'),
 ('60', '6', '2016-02-02 12:45:38', '2016-02-02 12:48:30', 'ee8c63e5-d74e-48a6-a7ff-0c3cbb07bd90'),
 ('61', '6', '2016-02-02 12:45:41', '2016-02-02 12:48:42', '35d6f8f7-f7ab-4080-9725-00ef7c56359b'),
 ('62', '6', '2016-02-02 12:45:51', '2016-02-02 12:49:06', 'db1a50d0-dfc6-4c88-8615-47b482c07f10'),
 ('63', '6', '2016-02-02 12:49:18', '2016-02-02 12:49:18', 'b2847178-49ff-4ec7-8d6b-ed63a64d5d0f'),
 ('64', '6', '2016-02-02 12:49:30', '2016-02-02 12:49:30', '48c689f5-c3cc-48d8-9ae5-b3d48f1af569'),
 ('65', '6', '2016-02-02 12:49:35', '2016-02-02 12:49:35', '3497e2cf-5594-43e0-8ea1-34416c67f7f0'),
 ('66', '1', '2016-02-02 12:50:06', '2016-02-02 12:50:06', '22039a78-be96-4549-913c-51ef1d5d3a87'),
 ('67', '1', '2016-02-02 12:50:16', '2016-02-02 12:50:16', '6a3a6df6-f0e7-4995-a89f-f975c9657eae'),
 ('68', '1', '2016-02-02 12:50:33', '2016-02-02 12:50:33', 'b33c5da2-ef26-4473-bab4-8607dac5a86e'),
 ('69', '1', '2016-02-02 12:50:48', '2016-02-02 12:50:48', '11e7cb4d-d3e1-4d7c-b830-520691a24e02'),
 ('70', '1', '2016-02-02 12:50:55', '2016-02-02 12:50:55', 'f568cb12-3243-484e-9793-e71ce8043525'),
 ('71', '1', '2016-02-02 12:51:11', '2016-02-02 12:51:11', '4d905fce-1dd4-4a91-b447-e12ceee9b954'),
 ('72', '1', '2016-02-02 12:51:27', '2016-02-02 12:51:27', '10f5ec4a-49be-40b2-b07f-cb253836453d'),
 ('73', '1', '2016-02-02 12:51:33', '2016-02-02 12:51:33', 'be71c08e-babb-4136-9c34-ad02abc6965c'),
 ('74', '1', '2016-02-02 12:51:50', '2016-02-02 12:51:50', '5affacf2-aa67-459c-ba21-260f38144ba4'),
 ('75', '1', '2016-02-02 12:52:01', '2016-02-02 12:52:01', '8eda52aa-75e0-4811-89f6-b22803d135de'),
 ('79', '1', '2016-02-06 10:33:43', '2016-02-06 10:33:43', '7811dc92-4a63-46fd-a59e-ca3ceba6d05d');



DROP TABLE IF EXISTS `katr_categorygroups`;


--
-- Schema for table `katr_categorygroups`
--
CREATE TABLE `katr_categorygroups` (
  `id` int(11) NOT NULL AUTO_INCREMENT,
  `structureId` int(11) NOT NULL,
  `fieldLayoutId` int(11) DEFAULT NULL,
  `name` varchar(255) COLLATE utf8_unicode_ci NOT NULL,
  `handle` varchar(255) COLLATE utf8_unicode_ci NOT NULL,
  `hasUrls` tinyint(1) unsigned NOT NULL DEFAULT '1',
  `template` varchar(500) COLLATE utf8_unicode_ci DEFAULT NULL,
  `dateCreated` datetime NOT NULL,
  `dateUpdated` datetime NOT NULL,
  `uid` char(36) COLLATE utf8_unicode_ci NOT NULL DEFAULT '0',
  PRIMARY KEY (`id`),
  UNIQUE KEY `katr_categorygroups_name_unq_idx` (`name`),
  UNIQUE KEY `katr_categorygroups_handle_unq_idx` (`handle`),
  KEY `katr_categorygroups_structureId_fk` (`structureId`),
  KEY `katr_categorygroups_fieldLayoutId_fk` (`fieldLayoutId`)
) ENGINE=InnoDB AUTO_INCREMENT=7 DEFAULT CHARSET=utf8 COLLATE=utf8_unicode_ci;

--
-- Data for table `katr_categorygroups`
--

INSERT INTO `katr_categorygroups` (`id`, `structureId`, `fieldLayoutId`, `name`, `handle`, `hasUrls`, `template`, `dateCreated`, `dateUpdated`, `uid`) VALUES
 ('1', '2', '9', 'Struktura', 'struktura', '0', NULL, '2016-02-02 12:14:29', '2016-02-02 12:14:29', 'c1af3236-e35f-4a2d-84b5-16fa126e3e8f'),
 ('2', '5', '19', 'Výrobková řada', 'vyrobkovarada', '0', NULL, '2016-02-02 12:20:48', '2016-02-02 12:44:11', '654c6065-4233-4817-986c-3fb2dfe9e950'),
 ('3', '6', '14', 'Materiál', 'material', '0', NULL, '2016-02-02 12:22:32', '2016-02-02 12:22:32', '37ab4923-c92e-4dc2-83bc-fdad00be6247'),
 ('4', '7', '15', 'Proskleni', 'proskleni', '0', NULL, '2016-02-02 12:22:54', '2016-02-02 12:22:54', 'dc258b72-c566-4864-8045-4d3e660c19a8'),
 ('5', '8', '16', 'Materiál izolace', 'izolace', '0', NULL, '2016-02-02 12:24:01', '2016-02-02 12:24:01', '28097b6b-6db5-4dba-a397-8e671fe4ba50'),
 ('6', '9', '20', 'Země použití', 'zeme', '0', NULL, '2016-02-02 12:41:06', '2016-02-02 12:48:07', '337a3ff6-8bb3-4659-a5df-89338bcc6570');



DROP TABLE IF EXISTS `katr_categorygroups_i18n`;


--
-- Schema for table `katr_categorygroups_i18n`
--
CREATE TABLE `katr_categorygroups_i18n` (
  `id` int(11) NOT NULL AUTO_INCREMENT,
  `groupId` int(11) NOT NULL,
  `locale` char(12) COLLATE utf8_unicode_ci NOT NULL,
  `urlFormat` text COLLATE utf8_unicode_ci,
  `nestedUrlFormat` text COLLATE utf8_unicode_ci,
  `dateCreated` datetime NOT NULL,
  `dateUpdated` datetime NOT NULL,
  `uid` char(36) COLLATE utf8_unicode_ci NOT NULL DEFAULT '0',
  PRIMARY KEY (`id`),
  UNIQUE KEY `katr_categorygroups_i18n_groupId_locale_unq_idx` (`groupId`,`locale`),
  KEY `katr_categorygroups_i18n_locale_fk` (`locale`)
) ENGINE=InnoDB AUTO_INCREMENT=7 DEFAULT CHARSET=utf8 COLLATE=utf8_unicode_ci;

--
-- Data for table `katr_categorygroups_i18n`
--

INSERT INTO `katr_categorygroups_i18n` (`id`, `groupId`, `locale`, `urlFormat`, `nestedUrlFormat`, `dateCreated`, `dateUpdated`, `uid`) VALUES
 ('1', '1', 'cs', NULL, NULL, '2016-02-02 12:14:29', '2016-02-02 12:14:29', '28a521fd-bd2c-485d-90bd-0dcc498aedde'),
 ('2', '2', 'cs', NULL, NULL, '2016-02-02 12:20:48', '2016-02-02 12:20:48', '3a2a416a-ef7c-410a-89c1-212f68c84fb7'),
 ('3', '3', 'cs', NULL, NULL, '2016-02-02 12:22:32', '2016-02-02 12:22:32', '736a45c3-6df2-4a4c-8c6d-934e47fc027a'),
 ('4', '4', 'cs', NULL, NULL, '2016-02-02 12:22:54', '2016-02-02 12:22:54', '491d3cb9-c178-4007-9902-39bc255175d5'),
 ('5', '5', 'cs', NULL, NULL, '2016-02-02 12:24:01', '2016-02-02 12:24:01', 'aaeb8648-a69f-4598-93e9-fca14094a541'),
 ('6', '6', 'cs', NULL, NULL, '2016-02-02 12:41:06', '2016-02-02 12:41:06', 'b4fa5cbc-f25d-411c-ad01-a2b3480e14e2');



DROP TABLE IF EXISTS `katr_content`;


--
-- Schema for table `katr_content`
--
CREATE TABLE `katr_content` (
  `id` int(11) NOT NULL AUTO_INCREMENT,
  `elementId` int(11) NOT NULL,
  `locale` char(12) COLLATE utf8_unicode_ci NOT NULL,
  `title` varchar(255) COLLATE utf8_unicode_ci DEFAULT NULL,
  `field_body` text COLLATE utf8_unicode_ci,
  `field_showInFilter` tinyint(1) unsigned NOT NULL DEFAULT '0',
  `field_shortTitle` varchar(3) COLLATE utf8_unicode_ci DEFAULT NULL,
  `field_zobrazitJako` varchar(255) COLLATE utf8_unicode_ci DEFAULT NULL,
  `field_originalTitle` text COLLATE utf8_unicode_ci,
  `field_sirka` int(10) unsigned DEFAULT '0',
  `field_vyska` int(10) unsigned DEFAULT '0',
  `field_hloubokaH` int(10) unsigned DEFAULT '0',
  `field_poznamka` text COLLATE utf8_unicode_ci,
  `field_katalogoveCislo` int(10) unsigned DEFAULT '0',
  `dateCreated` datetime NOT NULL,
  `dateUpdated` datetime NOT NULL,
  `uid` char(36) COLLATE utf8_unicode_ci NOT NULL DEFAULT '0',
  PRIMARY KEY (`id`),
  UNIQUE KEY `katr_content_elementId_locale_unq_idx` (`elementId`,`locale`),
  KEY `katr_content_title_idx` (`title`),
  KEY `katr_content_locale_fk` (`locale`)
) ENGINE=InnoDB AUTO_INCREMENT=89 DEFAULT CHARSET=utf8 COLLATE=utf8_unicode_ci;

--
-- Data for table `katr_content`
--

INSERT INTO `katr_content` (`id`, `elementId`, `locale`, `title`, `field_body`, `field_showInFilter`, `field_shortTitle`, `field_zobrazitJako`, `field_originalTitle`, `field_sirka`, `field_vyska`, `field_hloubokaH`, `field_poznamka`, `field_katalogoveCislo`, `dateCreated`, `dateUpdated`, `uid`) VALUES
 ('1', '1', 'cs', NULL, NULL, '0', NULL, NULL, NULL, '0', '0', NULL, NULL, '0', '2016-02-01 15:21:42', '2016-02-01 15:21:42', '1f3edc8a-f1d0-4377-bd79-3410d3fb7126'),
 ('2', '2', 'cs', 'Katalog technických řešení', '<p>It’s true, this site doesn’t have a whole lot of content yet, but don’t worry. Our web developers have just installed the CMS, and they’re setting things up for the content editors this very moment. Soon Koma-katalog.dev will be an oasis of fresh perspectives, sharp analyses, and astute opinions that will keep you coming back again and again.</p>', '0', NULL, NULL, NULL, '0', '0', NULL, NULL, '0', '2016-02-01 15:21:44', '2016-02-09 14:34:34', 'af15b1b8-073f-4359-9435-e4f381a78ae7'),
 ('3', '3', 'cs', 'We just installed Craft!', '<p>Craft is the CMS that’s powering Koma-katalog.dev. It’s beautiful, powerful, flexible, and easy-to-use, and it’s made by Pixel &amp; Tonic. We can’t wait to dive in and see what it’s capable of!</p><!--pagebreak--><p>This is even more captivating content, which you couldn’t see on the News index page because it was entered after a Page Break, and the News index template only likes to show the content on the first page.</p><p>Craft: a nice alternative to Word, if you’re making a website.</p>', '0', NULL, NULL, NULL, '0', '0', NULL, NULL, '0', '2016-02-01 15:21:44', '2016-02-02 12:18:11', '40c5663b-f922-439d-9993-1f3070e6ef17'),
 ('4', '4', 'cs', 'Hlavní testovací strana', '<p>kousek z těla</p>', '0', NULL, NULL, NULL, '0', '0', NULL, NULL, '0', '2016-02-01 16:39:08', '2016-02-01 17:01:18', 'bf110b33-639a-4137-9311-42679011b48c'),
 ('5', '5', 'cs', 'Výrobkové řady', NULL, '0', NULL, NULL, NULL, '0', '0', NULL, NULL, '0', '2016-02-02 12:25:41', '2016-02-02 12:25:41', '9b927454-b440-4772-9626-d7aa266c0938'),
 ('6', '6', 'cs', 'Standard Line  C3', '', '0', NULL, NULL, NULL, '0', '0', NULL, NULL, '0', '2016-02-02 12:25:56', '2016-02-10 16:38:04', 'e363ec88-c6c5-4570-be6e-52ffe39cb530'),
 ('7', '7', 'cs', 'Economic Line E3', '<h2>Unimo buňky, stavební buňky</h2>\r\n\r\n<p>Ať už chcete postavit kancelář, šatnu nebo sklad, speciální unimo buňky jsou jasným řešením. Unimo buňka je skladná, snadno přemístitelná a poskytuje komfort, který vás možná překvapí. Stavební buňky nezatíží vaši peněženku a jejich instalace je časově skutečně nenáročná. Poskytne Vám to, co potřebujete - zateplený přístřešek nad hlavou, do kterého nezatéká.</p>\r\n\r\n\r\n\r\n<h3>Rychle ubytujete třeba dělníky na stavbě</h3>\r\n\r\n\r\n\r\n<p>Unimo buňky jsou však schopné uspokojit náročné požadavky. Pokud potřebujete rychle ubytovat třeba dělníky na stavbě nebo zajistit mobilní kancelářské prostory, nemůžete vybrat lépe. Vyberete si design i velikost buňky, podle vás odborní pracovníci vybaví i vnitřek buňky. V nabídce jsou také různé typy zateplení.</p>\r\n\r\n\r\n\r\n\r\n\r\n\r\n\r\n<h3>Buňku můžete kamkoliv odvézt</h3>\r\n\r\n\r\n\r\n<p>Unimo buňka či stavební buňka nemusí na svém místě rozhodně stát na věčné časy. S pomocí jeřábu ji přemístíte kamkoliv, je možné ji také naložit a odvézt pryč. Buňku si samozřejmě můžete koupit na inzerát. Pokud ale chcete nejvyšší kvalitu, v inzerátech typu „prodám stavební buňku\" nehledejte. Spolehněte se raději na zkušenou a renomovanou firmu, která vám vaší buňku perfektně vybaví a dopraví kamkoliv.</p>\r\n\r\n\r\n\r\n\r\n\r\n\r\n\r\n<p>Stavební buňky? Prodej realizují nejlépe zkušené a odborné firmy.</p>', '0', NULL, NULL, NULL, '0', '0', NULL, NULL, '0', '2016-02-02 12:26:10', '2016-02-10 16:44:46', 'f9f24c27-0d07-47bf-b9da-6189e54fd8fd'),
 ('8', '8', 'cs', 'Comfort Line M3', '<p>Nízkoenergetické modulární domy ComfortLine</p>\r\n\r\n<p>Když se zeptáte spokojených majitelů modulárních staveb, co na nich nejvíce oceňují, odpoví vám jasně. Tyto stavby jsou bezkonkurenčně mobilní, šetří peníze, čas i přírodu. Některé nízkoenergetické domy skutečně poskytují velkou úsporu oproti standardním domům - a to zejména díky šetrným, ekologickým a ekonomickým způsobům vytápění a perfektnímu zateplení fasády, střechy a podlahy s minimalizací tepelných mostů.</p>\r\n\r\n<h4>Moduly splní i nejnáročnější přání</h4>\r\n\r\n<p>Také jste vždycky snili o tom, že si necháte zkostruovat stavbu přesně podle vašich představ? Modulární domy udělají ze snu skutečnost. Poskytují totiž ohromnou variabilitu, díky které se staly okamžitě miláčkem těch nejnáročnějších klientů. V modulárním domě můžete uskutečnit své podnikatelské plány, modulární domy se s úspěchem uplatňují ve školství, ale i jako domovy pro seniory a v neposlední řadě uspokojí moderní představy o bydlení.</p>\r\n\r\n<h4>Fasáda může být futuristická i přírodní</h4>\r\n\r\n<p>Začněme třeba u fasády. Vybírat můžete z mnoha typů různých obkladových materiálů různých vlastností. Někteří lidé volí třeba supermoderní, futuristické obklady, které dají objektu punc sci-fi. Další zákazníci pak zůstávají při zemi a raději upřednostňují přírodní a decentní materiály, díky kterým modulární stavby lépe zapadnou do krajiny. Fantazii se opravdu meze nekladou. Vše závisí na architektovi, jak pochopí přání investora a skloubí s místem, kde se plánuje budoucí stavba umístit.</p>\r\n\r\n<h4>Váš dům může mít obrovskou skleněnou stěnu</h4>\r\n\r\n<p>Fantazie ovšem může zůstat ve hře i poté, co vyberete fasádu. Vnější podobu objektu samozřejmě tvoří i okna a dveře. Jejich rozmístění a velikost je opět jen a jen na vás. Modulární dům může mít malá okna, ale i obrovské skleněné stěny, které do objektu pustí maximum slunečních paprsků.</p>\r\n\r\n<h4>Mnoho podob interiéru</h4>\r\n\r\n<p>Řešení samotného interiéru je pak opět na vás, modulární domy poskytují prostor pro koupelnu, kuchyň, kancelářské i společenské prostory. Jejich podobu určíte jedině vy. Mnoho podob může mít i vnitřní obklad nebo podlahy. Chcete keramický obklad v koupelně a betonovou podlahu v kanceláři? Není problém. Neobvyklou podobu celého prostoru můžou navíc klidně umocnit krbová kamna. Stejné interiérové povrchy podlah a stěn jako jsou používány při standardní výstavbě, můžete použít i v modulární výstavbě.</p>\r\n\r\n<h4>K realizaci modulového domu přizvěte odborníky.</h4>\r\n\r\n<p>Ke stavbě modulových domů rozhodně přizvěte odbornou a renomovanou firmu. Objekt objednáte, do několika měsíců vám ho vyrobí a vlastní stavba bude trvat doslova pár dní. Pokud chcete při stavbě nové restaurace nebo kancelářského objektu ušetřit čas, peníze i nervy, rozhodněte se pro modulární výstavbu.</p>', '0', NULL, NULL, NULL, '0', '0', NULL, NULL, '0', '2016-02-02 12:26:34', '2016-02-10 16:37:45', '53a968d6-d4ff-43b2-921f-613687fd3c6e'),
 ('9', '9', 'cs', 'Store Line Z', NULL, '0', NULL, NULL, NULL, '0', '0', NULL, NULL, '0', '2016-02-02 12:26:47', '2016-02-02 12:26:47', '03415f38-90a7-4498-b0bd-073edbc7d83c'),
 ('10', '10', 'cs', 'Rámy', NULL, '0', NULL, NULL, NULL, '0', '0', NULL, NULL, '0', '2016-02-02 12:27:05', '2016-02-02 12:27:05', 'ed017a46-b051-4307-b056-8ca9cf5e8b97'),
 ('11', '11', 'cs', 'Typ C3', NULL, '0', NULL, NULL, NULL, '0', '0', NULL, NULL, '0', '2016-02-02 12:27:18', '2016-02-02 12:27:18', 'd6ffb6c8-882e-447d-bcf8-cbb0b4c0e42a'),
 ('12', '12', 'cs', 'Typ E3', NULL, '0', NULL, NULL, NULL, '0', '0', NULL, NULL, '0', '2016-02-02 12:27:30', '2016-02-02 12:27:30', '77420061-911a-4594-9d07-f05048e073c7'),
 ('13', '13', 'cs', 'Typ M3', NULL, '0', NULL, NULL, NULL, '0', '0', NULL, NULL, '0', '2016-02-02 12:27:41', '2016-02-02 12:27:41', '3a43fc28-9ebc-44fa-a798-a7019bf307e1'),
 ('14', '14', 'cs', 'Plošné prvky', NULL, '0', NULL, NULL, NULL, '0', '0', NULL, NULL, '0', '2016-02-02 12:28:03', '2016-02-02 12:28:03', '3b70ea2f-abaf-4c6c-9f49-3062245ed5cc'),
 ('15', '15', 'cs', 'Strop a střecha', NULL, '0', NULL, NULL, NULL, '0', '0', NULL, NULL, '0', '2016-02-02 12:28:14', '2016-02-02 12:28:14', 'b07047ac-c3c1-4f96-8fae-dd3e9b977741'),
 ('16', '16', 'cs', 'Podlaha', NULL, '0', NULL, NULL, NULL, '0', '0', NULL, NULL, '0', '2016-02-02 12:28:29', '2016-02-02 12:28:29', '3e7b6b72-475a-4c85-803e-0e3126612ed5'),
 ('17', '17', 'cs', 'Stěny', NULL, '0', NULL, NULL, NULL, '0', '0', NULL, NULL, '0', '2016-02-02 12:28:46', '2016-02-02 12:28:46', '38746f77-7064-4725-addc-236a6ecb8723'),
 ('18', '18', 'cs', 'Příčky', NULL, '0', NULL, NULL, NULL, '0', '0', NULL, NULL, '0', '2016-02-02 12:29:00', '2016-02-02 12:29:00', '5bd7291b-7583-435a-9bfb-34b266dc307f'),
 ('19', '19', 'cs', 'Povrchy', NULL, '0', NULL, NULL, NULL, '0', '0', NULL, NULL, '0', '2016-02-02 12:29:22', '2016-02-02 12:29:22', 'ac9b13e1-e498-47b4-ae3a-5229b031a52a'),
 ('20', '20', 'cs', 'Podlahové krytiny', NULL, '0', NULL, NULL, NULL, '0', '0', NULL, NULL, '0', '2016-02-02 12:29:34', '2016-02-02 12:29:34', '2dcebb08-87b2-468a-a8e0-d08fdadd7302'),
 ('21', '21', 'cs', 'Dlažby', NULL, '0', NULL, NULL, NULL, '0', '0', NULL, NULL, '0', '2016-02-02 12:29:48', '2016-02-02 12:29:48', '5bdbfe65-5454-4163-a58e-5d555e45db1b'),
 ('22', '22', 'cs', 'Obklady', NULL, '0', NULL, NULL, NULL, '0', '0', NULL, NULL, '0', '2016-02-02 12:30:10', '2016-02-02 12:30:10', 'a87c4eae-7e16-4a02-9794-7d6ef52d8430'),
 ('23', '23', 'cs', 'Nátěry a nástřiky', NULL, '0', NULL, NULL, NULL, '0', '0', NULL, NULL, '0', '2016-02-02 12:30:26', '2016-02-02 12:30:26', '879eb627-1d71-4fbb-821a-81023c3a444c'),
 ('24', '24', 'cs', 'Fasádní systémy', NULL, '0', NULL, NULL, NULL, '0', '0', NULL, NULL, '0', '2016-02-02 12:30:42', '2016-02-02 12:30:42', '70a4c962-276f-4800-881f-0610d16425c5'),
 ('25', '25', 'cs', 'Vodorovný trapézový plech', NULL, '0', NULL, NULL, NULL, '0', '0', NULL, NULL, '0', '2016-02-02 12:31:04', '2016-02-02 12:31:04', '6d3d196c-e6f4-4825-b752-7b386c3f410e'),
 ('26', '26', 'cs', 'Vysokotlaký laminát', NULL, '0', NULL, NULL, NULL, '0', '0', NULL, NULL, '0', '2016-02-02 12:31:40', '2016-02-02 12:31:40', '350372b3-9ce4-439f-ac2b-0cc77b1a971d'),
 ('27', '27', 'cs', 'Zateplovací systém s omítkou', NULL, '0', NULL, NULL, NULL, '0', '0', NULL, NULL, '0', '2016-02-02 12:31:53', '2016-02-02 12:31:53', 'e4d100a1-8a67-4f92-9d16-72cac15cbb6e'),
 ('28', '28', 'cs', 'Cemento-vláknité desky', NULL, '0', NULL, NULL, NULL, '0', '0', NULL, NULL, '0', '2016-02-02 12:32:01', '2016-02-02 12:32:01', 'da5f7b58-e72b-4da8-aab5-4cd69cf5f289'),
 ('29', '29', 'cs', 'Bond', NULL, '0', NULL, NULL, NULL, '0', '0', NULL, NULL, '0', '2016-02-02 12:32:08', '2016-02-02 12:32:08', '4a63cd18-b878-4bd7-bef5-b16803bc68df'),
 ('30', '30', 'cs', 'Výplně otvorů', NULL, '0', NULL, NULL, NULL, '0', '0', NULL, NULL, '0', '2016-02-02 12:32:28', '2016-02-02 12:32:28', 'cfd7364e-109c-46c6-a49e-d7b2be277bde'),
 ('31', '31', 'cs', 'Okna', NULL, '0', NULL, NULL, NULL, '0', '0', NULL, NULL, '0', '2016-02-02 12:33:05', '2016-02-02 12:33:05', '089a577c-7462-46a7-bdcd-4cafe7a8ad61'),
 ('32', '32', 'cs', 'Dveře', NULL, '0', NULL, NULL, NULL, '0', '0', NULL, NULL, '0', '2016-02-02 12:33:12', '2016-02-02 12:33:12', '37117317-1e39-4df4-918d-420c323dbaa2'),
 ('33', '33', 'cs', 'Instalace', NULL, '0', NULL, NULL, NULL, '0', '0', NULL, NULL, '0', '2016-02-02 12:33:30', '2016-02-02 12:33:30', 'b8e87f9e-9428-455c-8ac7-e47f8258c181'),
 ('34', '34', 'cs', 'Elektroinstalace', NULL, '0', NULL, NULL, NULL, '0', '0', NULL, NULL, '0', '2016-02-02 12:33:52', '2016-02-02 12:33:52', '22f0b749-ae31-46f1-aa89-d85d1bb42afe'),
 ('35', '35', 'cs', 'Zásuvky a vypínače', NULL, '0', NULL, NULL, NULL, '0', '0', NULL, NULL, '0', '2016-02-02 12:34:40', '2016-02-02 12:34:40', '61b2ad2d-757a-4a4e-b276-0011f5b09aaf'),
 ('36', '36', 'cs', 'Kabelové trasy', NULL, '0', NULL, NULL, NULL, '0', '0', NULL, NULL, '0', '2016-02-02 12:34:53', '2016-02-02 12:34:53', 'bf4aefab-ae37-4dad-a653-471c018f3a50'),
 ('37', '37', 'cs', 'Svítidla', NULL, '0', NULL, NULL, NULL, '0', '0', NULL, NULL, '0', '2016-02-02 12:35:05', '2016-02-02 12:35:05', '06845f01-29a2-4fb8-8053-1f5f935ddcfd'),
 ('38', '38', 'cs', 'Rozvaděče', NULL, '0', NULL, NULL, NULL, '0', '0', NULL, NULL, '0', '2016-02-02 12:35:14', '2016-02-02 12:35:14', 'd4c895c7-778b-4f4f-82a9-0a6b445bd531'),
 ('39', '39', 'cs', 'Elektrická topidla', NULL, '0', NULL, NULL, NULL, '0', '0', NULL, NULL, '0', '2016-02-02 12:35:27', '2016-02-02 12:35:27', '88d38ae4-82f5-4030-9895-9080d2ea33dd'),
 ('40', '40', 'cs', 'Ventilátory', NULL, '0', NULL, NULL, NULL, '0', '0', NULL, NULL, '0', '2016-02-02 12:35:39', '2016-02-02 12:35:39', 'e9053d34-ea17-4865-8d44-d7861a6d6359'),
 ('41', '41', 'cs', 'Klimatizace', NULL, '0', NULL, NULL, NULL, '0', '0', NULL, NULL, '0', '2016-02-02 12:35:48', '2016-02-02 12:35:48', '06e856a8-618f-45bd-9d49-8e5a8aef7da5'),
 ('42', '42', 'cs', 'Sanitární vybavení', NULL, '0', NULL, NULL, NULL, '0', '0', NULL, NULL, '0', '2016-02-02 12:36:12', '2016-02-02 12:36:12', '80d53b8a-9478-43e1-b130-4bdcad149f55'),
 ('43', '43', 'cs', 'Vzduchotechnika', NULL, '0', NULL, NULL, NULL, '0', '0', NULL, NULL, '0', '2016-02-02 12:36:22', '2016-02-02 12:36:22', 'c07077de-1651-4453-8d43-64cb530dea82'),
 ('44', '44', 'cs', 'Sanitární keramika', NULL, '0', NULL, NULL, NULL, '0', '0', NULL, NULL, '0', '2016-02-02 12:37:07', '2016-02-02 12:37:07', '5de3b65e-2f38-479e-ba09-26d65313dd51'),
 ('45', '45', 'cs', 'Zařizovací předměty', NULL, '0', NULL, NULL, NULL, '0', '0', NULL, NULL, '0', '2016-02-02 12:37:16', '2016-02-02 12:37:16', '397451df-fc2b-41a2-9dcd-40803c19f37a'),
 ('46', '46', 'cs', 'Ohřívače vody', NULL, '0', NULL, NULL, NULL, '0', '0', NULL, NULL, '0', '2016-02-02 12:37:24', '2016-02-02 12:37:24', 'b8b0d6b6-c763-480b-9e7a-119d1df7e25f'),
 ('47', '47', 'cs', 'Potruní a armatury', NULL, '0', NULL, NULL, NULL, '0', '0', NULL, NULL, '0', '2016-02-02 12:37:33', '2016-02-02 12:37:33', 'ec48618f-07ed-4646-a5ff-2f1a957dc95a'),
 ('48', '48', 'cs', 'Příslušenství', NULL, '0', NULL, NULL, NULL, '0', '0', NULL, NULL, '0', '2016-02-02 12:38:08', '2016-02-02 12:38:08', '2410b95c-2605-4557-b80e-6c9cd7511a0c'),
 ('49', '49', 'cs', 'Schodiště', NULL, '0', NULL, NULL, NULL, '0', '0', NULL, NULL, '0', '2016-02-02 12:38:38', '2016-02-02 12:38:38', '2c7cc19b-d0a2-461b-a3e1-bd1470d4d298'),
 ('50', '50', 'cs', 'Přístřešky', NULL, '0', NULL, NULL, NULL, '0', '0', NULL, NULL, '0', '2016-02-02 12:38:46', '2016-02-02 12:38:46', 'dbfd1f8f-6e4b-4b7a-a467-769126849a59'),
 ('51', '51', 'cs', 'Sekundární střecha', NULL, '0', NULL, NULL, NULL, '0', '0', NULL, NULL, '0', '2016-02-02 12:38:55', '2016-02-02 12:38:55', 'b09d0339-a802-43ec-b616-586c05ba3baf'),
 ('52', '52', 'cs', 'Atika', NULL, '0', NULL, NULL, NULL, '0', '0', NULL, NULL, '0', '2016-02-02 12:39:02', '2016-02-02 12:39:02', '6a227e0d-740a-4809-a4a7-0b8e0de6ee2e'),
 ('53', '53', 'cs', 'Uložení na základy', NULL, '0', NULL, NULL, NULL, '0', '0', NULL, NULL, '0', '2016-02-02 12:39:09', '2016-02-02 12:39:09', '3f6d89b1-9d32-4805-af62-f17655555bec'),
 ('54', '54', 'cs', 'C3', NULL, '1', NULL, NULL, NULL, '0', '0', NULL, NULL, '0', '2016-02-02 12:41:48', '2016-02-02 12:44:31', 'd08235eb-4db0-4347-a35c-550fa7c2b0b8'),
 ('55', '55', 'cs', 'M3', NULL, '1', NULL, NULL, NULL, '0', '0', NULL, NULL, '0', '2016-02-02 12:41:55', '2016-02-02 12:44:38', 'aec2c079-c3ef-429a-8ee6-4b3d288e05b4'),
 ('56', '56', 'cs', 'E3', NULL, '1', NULL, NULL, NULL, '0', '0', NULL, NULL, '0', '2016-02-02 12:42:14', '2016-02-02 12:44:42', '8fdeb3ec-7603-4119-b3b6-b77ac549404c'),
 ('57', '57', 'cs', 'ZF', NULL, '0', NULL, NULL, NULL, '0', '0', NULL, NULL, '0', '2016-02-02 12:42:37', '2016-02-02 12:44:21', 'ea914704-0048-4671-8f98-f188d76d246d'),
 ('58', '58', 'cs', 'ZL', NULL, '0', NULL, NULL, NULL, '0', '0', NULL, NULL, '0', '2016-02-02 12:42:43', '2016-02-02 12:44:26', '3d763ec5-bf5b-4ea9-b53b-890be717b1d7'),
 ('59', '59', 'cs', 'Česká republika', NULL, '0', 'CZ', NULL, NULL, '0', '0', NULL, NULL, '0', '2016-02-02 12:45:26', '2016-02-02 12:48:19', 'a4f1a86c-1bfb-4031-9137-aef23111345b'),
 ('60', '60', 'cs', 'Slovenská republika', NULL, '0', 'SK', NULL, NULL, '0', '0', NULL, NULL, '0', '2016-02-02 12:45:38', '2016-02-02 12:48:30', 'a2932e53-2b33-44e5-8dc0-d9f8eb5f2eb2'),
 ('61', '61', 'cs', 'Německo', NULL, '0', 'D', NULL, NULL, '0', '0', NULL, NULL, '0', '2016-02-02 12:45:41', '2016-02-02 12:48:42', '4e3acf30-a71a-4827-9c2e-8bdab0f6b6a3'),
 ('62', '62', 'cs', 'Švýcarsko', NULL, '0', 'CH', NULL, NULL, '0', '0', NULL, NULL, '0', '2016-02-02 12:45:51', '2016-02-02 12:49:06', '536b8ffe-7c52-4088-bc6b-d2c8191a6057'),
 ('63', '63', 'cs', 'Nizozemsko', NULL, '0', 'NL', NULL, NULL, '0', '0', NULL, NULL, '0', '2016-02-02 12:49:18', '2016-02-02 12:49:18', '7f997bdc-8ff2-4bcd-8269-e29c55ae7e5c'),
 ('64', '64', 'cs', 'Belgie', NULL, '0', 'B', NULL, NULL, '0', '0', NULL, NULL, '0', '2016-02-02 12:49:30', '2016-02-02 12:49:30', 'f1e82d83-f7b4-4f11-b6e7-e4e1d9b7e3fb'),
 ('65', '65', 'cs', 'Francie', NULL, '0', 'F', NULL, NULL, '0', '0', NULL, NULL, '0', '2016-02-02 12:49:35', '2016-02-02 12:49:35', 'b513dfbc-e5a9-467e-92c1-862e716721d1'),
 ('66', '66', 'cs', 'Rámy', NULL, '0', NULL, NULL, NULL, '0', '0', NULL, NULL, '0', '2016-02-02 12:50:06', '2016-02-02 12:50:06', 'fbb3fc65-8c3f-46e0-87f2-0375f7784a27'),
 ('67', '67', 'cs', 'Plošné prvky', NULL, '0', NULL, NULL, NULL, '0', '0', NULL, NULL, '0', '2016-02-02 12:50:16', '2016-02-02 12:50:16', '7e6eb15b-9953-4906-abca-6fa24a60ee62'),
 ('68', '68', 'cs', 'Podlaha', NULL, '0', NULL, NULL, NULL, '0', '0', NULL, NULL, '0', '2016-02-02 12:50:33', '2016-02-02 12:50:33', '3419e6d9-8875-4b52-b759-12ddec36cb13'),
 ('69', '69', 'cs', 'Stěny', NULL, '0', NULL, NULL, NULL, '0', '0', NULL, NULL, '0', '2016-02-02 12:50:48', '2016-02-02 12:50:48', 'cca20609-d785-42cc-b373-fd0c8d00b50d'),
 ('70', '70', 'cs', 'Fasádní systémy', NULL, '0', NULL, NULL, NULL, '0', '0', NULL, NULL, '0', '2016-02-02 12:50:55', '2016-02-02 12:50:55', '708e1fa3-04c6-4ce0-9a9c-5e966102452d'),
 ('71', '71', 'cs', 'Výplně otvorů', NULL, '0', NULL, NULL, NULL, '0', '0', NULL, NULL, '0', '2016-02-02 12:51:11', '2016-02-02 12:51:11', 'c69f3bea-45e7-4991-b8b3-0adfe810452d'),
 ('72', '72', 'cs', 'Okna', NULL, '0', NULL, NULL, NULL, '0', '0', NULL, NULL, '0', '2016-02-02 12:51:27', '2016-02-02 12:51:27', 'ad385f39-2fb0-40ae-8ddb-451b8574b598'),
 ('73', '73', 'cs', 'Dveře', NULL, '0', NULL, NULL, NULL, '0', '0', NULL, NULL, '0', '2016-02-02 12:51:33', '2016-02-02 12:51:33', '451708e6-0e2f-4924-9b9d-27299130cd1e'),
 ('74', '74', 'cs', 'Příslušenství', NULL, '0', NULL, NULL, NULL, '0', '0', NULL, NULL, '0', '2016-02-02 12:51:49', '2016-02-02 12:51:49', 'f2819f18-1aa6-4c50-8d03-12d04c406e07'),
 ('75', '75', 'cs', 'Schodiště', NULL, '0', NULL, NULL, NULL, '0', '0', NULL, NULL, '0', '2016-02-02 12:52:01', '2016-02-02 12:52:01', 'b52b1e4e-0878-4840-b83f-f0bb22172ed2'),
 ('76', '76', 'cs', NULL, NULL, '0', NULL, NULL, NULL, '0', '0', NULL, NULL, '0', '2016-02-02 13:06:46', '2016-02-04 11:13:13', '7b7cc7e3-ed25-4c5f-8b05-a951f0491300'),
 ('78', '78', 'cs', NULL, NULL, '0', NULL, NULL, NULL, '0', '0', NULL, NULL, '0', '2016-02-03 13:03:25', '2016-02-09 16:04:39', '2430328f-6e20-491f-8700-13237e7c3823'),
 ('79', '79', 'cs', 'Výrobkové řady', NULL, '0', NULL, NULL, NULL, '0', '0', NULL, NULL, '0', '2016-02-06 10:33:43', '2016-02-06 10:33:43', '23a5e4fb-dac8-4420-95ed-fa157edae564'),
 ('80', '80', 'cs', 'Cz Oknotherm Technický List Bezfalcové Okno', NULL, '0', NULL, NULL, NULL, '0', '0', '0', NULL, '0', '2016-02-06 13:39:16', '2016-02-06 13:39:31', 'c430d1af-e92c-4b98-81fa-8ff9535c1d2f'),
 ('81', '81', 'cs', NULL, NULL, '0', NULL, NULL, NULL, '0', '0', '0', NULL, '0', '2016-02-09 13:55:39', '2016-02-09 14:14:21', 'b9902fba-4ceb-4277-81ea-c13776f53114'),
 ('82', '85', 'cs', NULL, '<p>KOMA MODULAR je leader ve výrobě modulárních staveb.<br>\r\nPoužíváním katalogu souhlasíte s&nbsp;Podmínkami užívání katalogu.</p>', '0', NULL, NULL, NULL, '0', '0', '0', NULL, '0', '2016-02-09 14:16:03', '2016-02-09 14:18:55', '31d7e7b3-f330-4a0f-bb7c-4610f4a29727'),
 ('83', '90', 'cs', 'Technický list M3', NULL, '0', NULL, NULL, NULL, '0', '0', '0', NULL, '0', '2016-02-10 16:35:17', '2016-02-10 16:35:48', 'c90f0129-b669-4f19-8d5f-1ae11a077e26'),
 ('84', '92', 'cs', 'Obytné kontejnery C3L', '', '0', NULL, NULL, NULL, '0', '0', '0', NULL, '0', '2016-02-10 16:38:41', '2016-02-10 16:38:41', 'e8d022ec-5c4e-4a83-98ae-75892566edbe'),
 ('85', '93', 'cs', 'Sanitární kontejnery C3S', '', '0', NULL, NULL, NULL, '0', '0', '0', NULL, '0', '2016-02-10 16:39:29', '2016-02-10 16:39:29', 'f239beef-08e3-4089-93df-a59bf6a5c861'),
 ('86', '94', 'cs', 'Variabilní kontejnery C3V', '', '0', NULL, NULL, NULL, '0', '0', '0', NULL, '0', '2016-02-10 16:39:48', '2016-02-10 16:39:48', '9d279b41-17e8-48c4-920d-9234bfe7ca4f'),
 ('87', '95', 'cs', 'Variabilní skladatelné kontejnery C3VF', '', '0', NULL, NULL, NULL, '0', '0', '0', NULL, '0', '2016-02-10 16:40:32', '2016-02-10 16:40:32', 'f028bf28-d9b8-487f-ab74-003ec3c883a9'),
 ('88', '96', 'cs', 'Technický list E3 Cj', NULL, '0', NULL, NULL, NULL, '0', '0', '0', NULL, '0', '2016-02-10 16:42:30', '2016-02-10 16:42:54', 'fb3dd28e-f529-4258-b0ce-a4660a7897d6');



DROP TABLE IF EXISTS `katr_deprecationerrors`;


--
-- Schema for table `katr_deprecationerrors`
--
CREATE TABLE `katr_deprecationerrors` (
  `id` int(11) NOT NULL AUTO_INCREMENT,
  `key` varchar(255) COLLATE utf8_unicode_ci NOT NULL,
  `fingerprint` varchar(255) COLLATE utf8_unicode_ci NOT NULL,
  `lastOccurrence` datetime NOT NULL,
  `file` varchar(255) COLLATE utf8_unicode_ci NOT NULL,
  `line` smallint(6) unsigned NOT NULL,
  `class` varchar(255) COLLATE utf8_unicode_ci DEFAULT NULL,
  `method` varchar(255) COLLATE utf8_unicode_ci DEFAULT NULL,
  `template` varchar(255) COLLATE utf8_unicode_ci DEFAULT NULL,
  `templateLine` smallint(6) unsigned DEFAULT NULL,
  `message` varchar(255) COLLATE utf8_unicode_ci DEFAULT NULL,
  `traces` text COLLATE utf8_unicode_ci,
  `dateCreated` datetime NOT NULL,
  `dateUpdated` datetime NOT NULL,
  `uid` char(36) COLLATE utf8_unicode_ci NOT NULL DEFAULT '0',
  PRIMARY KEY (`id`),
  UNIQUE KEY `katr_deprecationerrors_key_fingerprint_unq_idx` (`key`,`fingerprint`)
) ENGINE=InnoDB DEFAULT CHARSET=utf8 COLLATE=utf8_unicode_ci;

DROP TABLE IF EXISTS `katr_elementindexsettings`;


--
-- Schema for table `katr_elementindexsettings`
--
CREATE TABLE `katr_elementindexsettings` (
  `id` int(11) NOT NULL AUTO_INCREMENT,
  `type` varchar(150) COLLATE utf8_unicode_ci NOT NULL,
  `settings` text COLLATE utf8_unicode_ci,
  `dateCreated` datetime NOT NULL,
  `dateUpdated` datetime NOT NULL,
  `uid` char(36) COLLATE utf8_unicode_ci NOT NULL DEFAULT '0',
  PRIMARY KEY (`id`),
  UNIQUE KEY `katr_elementindexsettings_type_unq_idx` (`type`)
) ENGINE=InnoDB AUTO_INCREMENT=13 DEFAULT CHARSET=utf8 COLLATE=utf8_unicode_ci;

--
-- Data for table `katr_elementindexsettings`
--

INSERT INTO `katr_elementindexsettings` (`id`, `type`, `settings`, `dateCreated`, `dateUpdated`, `uid`) VALUES
 ('1', 'Entry', '{\"sourceOrder\":[[\"heading\",\"Kan\\u00e1ly\"],[\"key\",\"section:6\"],[\"key\",\"section:2\"],[\"heading\",\"Struktury\"],[\"key\",\"section:4\"],[\"key\",\"section:5\"],[\"heading\",\"Ostatn\\u00ed\"],[\"key\",\"*\"],[\"key\",\"singles\"],[\"key\",\"section:3\"]],\"sources\":{\"section:3\":{\"tableAttributes\":{\"1\":\"postDate\",\"2\":\"expiryDate\",\"3\":\"author\",\"4\":\"link\"}},\"singles\":{\"tableAttributes\":{\"1\":\"author\",\"2\":\"link\",\"3\":\"slug\"}}}}', '2016-02-02 12:19:19', '2016-02-09 14:37:15', '7d06fcce-db0f-4ccc-a764-5a67956b64e3'),
 ('3', 'Category', '{\"sourceOrder\":[[\"heading\",\"Z\\u00e1kladn\\u00ed \\u0159azen\\u00ed\"],[\"key\",\"group:1\"],[\"key\",\"group:2\"],[\"key\",\"group:6\"],[\"heading\",\"Knihovny\"],[\"key\",\"group:3\"],[\"key\",\"group:5\"],[\"key\",\"group:4\"]],\"sources\":{\"group:1\":{\"tableAttributes\":{\"1\":\"link\"}},\"group:2\":{\"tableAttributes\":{\"1\":\"link\"}},\"group:6\":{\"tableAttributes\":{\"1\":\"link\",\"2\":\"field:4\"}}}}', '2016-02-02 12:21:08', '2016-02-02 12:48:51', '8e3b41fb-a85f-42ad-a838-9b73e4845bae'),
 ('11', 'User', '{\"sourceOrder\":[[\"heading\",\"KOMA u\\u017eivatel\\u00e9\"],[\"key\",\"group:2\"],[\"key\",\"group:3\"],[\"heading\",\"Extern\\u00ed u\\u017eivatel\\u00e9\"],[\"key\",\"group:1\"],[\"heading\",\"Ostatn\\u00ed\"],[\"key\",\"*\"],[\"key\",\"admins\"],[\"heading\",\"\"]],\"sources\":{\"admins\":{\"tableAttributes\":{\"1\":\"fullName\",\"2\":\"email\",\"3\":\"dateCreated\",\"4\":\"lastLoginDate\"}},\"group:2\":{\"tableAttributes\":{\"1\":\"fullName\",\"2\":\"email\",\"3\":\"dateCreated\",\"4\":\"lastLoginDate\"}},\"group:1\":{\"tableAttributes\":{\"1\":\"fullName\",\"2\":\"email\",\"3\":\"dateCreated\",\"4\":\"lastLoginDate\"}},\"*\":{\"tableAttributes\":{\"1\":\"fullName\",\"2\":\"email\",\"3\":\"dateCreated\",\"4\":\"lastLoginDate\"}}}}', '2016-02-02 13:07:10', '2016-02-03 13:04:08', 'd361d28b-0d66-4ea0-b74a-694a9ed06185'),
 ('12', 'Asset', '{\"sources\":{\"folder:1\":{\"tableAttributes\":{\"1\":\"filename\",\"2\":\"size\",\"3\":\"dateModified\"}},\"folder:3\":{\"tableAttributes\":{\"1\":\"filename\",\"2\":\"size\",\"3\":\"dateModified\"}}}}', '2016-02-03 10:31:02', '2016-02-03 10:31:02', '0d0b0a73-37e9-4104-8ef9-b74e4be3dded');



DROP TABLE IF EXISTS `katr_elements`;


--
-- Schema for table `katr_elements`
--
CREATE TABLE `katr_elements` (
  `id` int(11) NOT NULL AUTO_INCREMENT,
  `type` varchar(150) COLLATE utf8_unicode_ci NOT NULL,
  `enabled` tinyint(1) unsigned NOT NULL DEFAULT '1',
  `archived` tinyint(1) unsigned NOT NULL DEFAULT '0',
  `dateCreated` datetime NOT NULL,
  `dateUpdated` datetime NOT NULL,
  `uid` char(36) COLLATE utf8_unicode_ci NOT NULL DEFAULT '0',
  PRIMARY KEY (`id`),
  KEY `katr_elements_type_idx` (`type`),
  KEY `katr_elements_enabled_idx` (`enabled`),
  KEY `katr_elements_archived_dateCreated_idx` (`archived`,`dateCreated`)
) ENGINE=InnoDB AUTO_INCREMENT=98 DEFAULT CHARSET=utf8 COLLATE=utf8_unicode_ci;

--
-- Data for table `katr_elements`
--

INSERT INTO `katr_elements` (`id`, `type`, `enabled`, `archived`, `dateCreated`, `dateUpdated`, `uid`) VALUES
 ('1', 'User', '1', '0', '2016-02-01 15:21:42', '2016-02-01 15:21:42', '58f50060-058e-487e-bdf4-b37fe42042ec'),
 ('2', 'Entry', '1', '0', '2016-02-01 15:21:44', '2016-02-09 14:34:34', '662e3cf0-d7b7-4e96-bf04-a610088549ec'),
 ('3', 'Entry', '1', '0', '2016-02-01 15:21:44', '2016-02-02 12:18:11', '0ee5d936-1adf-48f2-a636-cd0df0440db4'),
 ('4', 'Entry', '1', '0', '2016-02-01 16:39:08', '2016-02-01 17:01:18', '43d75948-cd3a-48ef-bf7a-6a85d57c54c2'),
 ('5', 'Entry', '1', '0', '2016-02-02 12:25:41', '2016-02-02 12:25:41', '5ab284bb-3958-4631-b735-3b7cefb451c9'),
 ('6', 'Entry', '1', '0', '2016-02-02 12:25:56', '2016-02-10 16:38:04', 'd8bbce59-512f-4f33-b41a-127d96946052'),
 ('7', 'Entry', '1', '0', '2016-02-02 12:26:10', '2016-02-10 16:44:46', '9bf83d87-7b02-4831-8839-e3989851f1f9'),
 ('8', 'Entry', '1', '0', '2016-02-02 12:26:34', '2016-02-10 16:37:45', '57a87e13-78df-4df1-8cc0-0990e8de8b18'),
 ('9', 'Entry', '1', '0', '2016-02-02 12:26:47', '2016-02-02 12:26:47', '55d88ec7-d742-43b9-a124-8c7e4fcfba72'),
 ('10', 'Entry', '1', '0', '2016-02-02 12:27:05', '2016-02-02 12:27:05', '5fb35e7c-0c0f-4571-b505-24d64261246a'),
 ('11', 'Entry', '1', '0', '2016-02-02 12:27:18', '2016-02-02 12:27:18', '8991abda-f0a2-46f0-9017-0b5505a935e7'),
 ('12', 'Entry', '1', '0', '2016-02-02 12:27:30', '2016-02-02 12:27:30', 'f0dce3af-22a7-4ec9-8cf6-45fca25518c4'),
 ('13', 'Entry', '1', '0', '2016-02-02 12:27:41', '2016-02-02 12:27:41', '4c061f13-1009-4e74-9d64-419e54cf8aff'),
 ('14', 'Entry', '1', '0', '2016-02-02 12:28:03', '2016-02-02 12:28:03', '307b1c42-3b83-4a7e-8018-0a64f367c5dd'),
 ('15', 'Entry', '1', '0', '2016-02-02 12:28:14', '2016-02-02 12:28:14', '59a94a9f-9c3f-434f-838c-6f15312d8d00'),
 ('16', 'Entry', '1', '0', '2016-02-02 12:28:29', '2016-02-02 12:28:29', 'b408efe3-454b-444c-98a9-5b29956448ac'),
 ('17', 'Entry', '1', '0', '2016-02-02 12:28:46', '2016-02-02 12:28:46', 'aef88de2-28c9-4a6f-b998-8ceb6025a617'),
 ('18', 'Entry', '1', '0', '2016-02-02 12:29:00', '2016-02-02 12:29:00', '385f4bb2-df2e-4ede-980c-89576c372323'),
 ('19', 'Entry', '1', '0', '2016-02-02 12:29:22', '2016-02-02 12:29:22', '0d5bab8a-0da0-4b65-a5ad-48d8492633ea'),
 ('20', 'Entry', '1', '0', '2016-02-02 12:29:34', '2016-02-02 12:29:34', '1fc44abe-8832-41dc-b0d4-8f3eee1e5ae1'),
 ('21', 'Entry', '1', '0', '2016-02-02 12:29:48', '2016-02-02 12:29:48', '36a80487-c8fe-4817-9d9c-0d145e569ed5'),
 ('22', 'Entry', '1', '0', '2016-02-02 12:30:10', '2016-02-02 12:30:10', 'f0bf914c-2adb-46c2-b723-3d582b4495e2'),
 ('23', 'Entry', '1', '0', '2016-02-02 12:30:26', '2016-02-02 12:30:26', '28c65505-c3b7-4d7c-8472-e810be1ca7c3'),
 ('24', 'Entry', '1', '0', '2016-02-02 12:30:42', '2016-02-02 12:30:42', '204b8285-7b4c-48e5-919d-7380d8689571'),
 ('25', 'Entry', '1', '0', '2016-02-02 12:31:04', '2016-02-02 12:31:04', 'd489b9c0-636a-4e26-89ee-b6bbbc1c7ed5'),
 ('26', 'Entry', '1', '0', '2016-02-02 12:31:40', '2016-02-02 12:31:40', '92901efe-2e0a-4081-98e1-40329a784a97'),
 ('27', 'Entry', '1', '0', '2016-02-02 12:31:53', '2016-02-02 12:31:53', 'f2843afd-05ac-4075-9897-13a0ee80f525'),
 ('28', 'Entry', '1', '0', '2016-02-02 12:32:01', '2016-02-02 12:32:01', '8b2bd029-4fdc-4a06-bfd0-338195b0b958'),
 ('29', 'Entry', '1', '0', '2016-02-02 12:32:08', '2016-02-02 12:32:08', '0439411f-e17c-4553-9012-d6eba9c7a3ed'),
 ('30', 'Entry', '1', '0', '2016-02-02 12:32:28', '2016-02-02 12:32:28', '553dbfb6-be16-401b-8f0c-7fcf5a34c922'),
 ('31', 'Entry', '1', '0', '2016-02-02 12:33:05', '2016-02-02 12:33:05', '187d0370-ca63-4237-a7d0-24a76838903c'),
 ('32', 'Entry', '1', '0', '2016-02-02 12:33:12', '2016-02-02 12:33:12', '46a5b8d4-121f-40a5-b6e2-9922355ea3a9'),
 ('33', 'Entry', '1', '0', '2016-02-02 12:33:30', '2016-02-02 12:33:30', '2137de4e-26dd-4fe8-8ca9-4220ca47b489'),
 ('34', 'Entry', '1', '0', '2016-02-02 12:33:52', '2016-02-02 12:33:52', 'a59034e8-0132-4e56-8aa6-d200923c2afe'),
 ('35', 'Entry', '1', '0', '2016-02-02 12:34:40', '2016-02-02 12:34:40', '9bf0e8f6-b1a3-4829-b4ed-fe2ab6ad4f40'),
 ('36', 'Entry', '1', '0', '2016-02-02 12:34:53', '2016-02-02 12:34:53', '0df753fa-6328-4d4c-a1e4-254c82599e3d'),
 ('37', 'Entry', '1', '0', '2016-02-02 12:35:05', '2016-02-02 12:35:05', '114aa90a-bee5-43e9-a4eb-25bbdbd3d3b7'),
 ('38', 'Entry', '1', '0', '2016-02-02 12:35:14', '2016-02-02 12:35:14', '3957ab9a-cb3b-4335-a05e-bf4078cf28e4'),
 ('39', 'Entry', '1', '0', '2016-02-02 12:35:27', '2016-02-02 12:35:27', '57542ca3-a82f-4075-9e05-e17cc8854602'),
 ('40', 'Entry', '1', '0', '2016-02-02 12:35:39', '2016-02-02 12:35:39', '6f560347-7113-4918-b532-aacf3a4bee8a'),
 ('41', 'Entry', '1', '0', '2016-02-02 12:35:48', '2016-02-02 12:35:48', 'fa1d0b51-703d-483f-bf65-9f5307bf7df6'),
 ('42', 'Entry', '1', '0', '2016-02-02 12:36:12', '2016-02-02 12:36:12', 'f659b9d7-c9a5-42b8-888c-41d063eb1a5a'),
 ('43', 'Entry', '1', '0', '2016-02-02 12:36:22', '2016-02-02 12:36:22', 'd67d4e89-8e6f-4c2d-b327-841b686ae9b0'),
 ('44', 'Entry', '1', '0', '2016-02-02 12:37:07', '2016-02-02 12:37:07', '902b8e00-d37a-4084-8a99-29eb025833fd'),
 ('45', 'Entry', '1', '0', '2016-02-02 12:37:16', '2016-02-02 12:37:16', '9634f29e-bef6-4e8e-85ea-650edf2329c6'),
 ('46', 'Entry', '1', '0', '2016-02-02 12:37:24', '2016-02-02 12:37:24', '0d066aec-56c1-4323-8185-887ce2bd2e66'),
 ('47', 'Entry', '1', '0', '2016-02-02 12:37:33', '2016-02-02 12:37:33', 'bad15bd7-e6b4-4ba4-b89d-4daecc47b010'),
 ('48', 'Entry', '1', '0', '2016-02-02 12:38:08', '2016-02-02 12:38:08', 'a74d62d3-fa89-4bda-8ccf-a34b6aefc6df'),
 ('49', 'Entry', '1', '0', '2016-02-02 12:38:38', '2016-02-02 12:38:38', '804365b3-9e0b-4059-a5ba-b64ebeea261a'),
 ('50', 'Entry', '1', '0', '2016-02-02 12:38:46', '2016-02-02 12:38:46', 'ba720929-718e-4a8d-876b-cdd415350075'),
 ('51', 'Entry', '1', '0', '2016-02-02 12:38:55', '2016-02-02 12:38:55', '2944cb17-14b7-4304-837f-d6d8a7ab7fb6'),
 ('52', 'Entry', '1', '0', '2016-02-02 12:39:02', '2016-02-02 12:39:02', 'b7ce34b2-bbec-4f9a-89a6-7c51949aa4c1'),
 ('53', 'Entry', '1', '0', '2016-02-02 12:39:09', '2016-02-02 12:39:09', '7aff1c76-77cc-494b-8118-b3754345367c'),
 ('54', 'Category', '1', '0', '2016-02-02 12:41:48', '2016-02-02 12:44:31', '4be8205f-890f-4293-94b0-5b48e8b11206'),
 ('55', 'Category', '1', '0', '2016-02-02 12:41:55', '2016-02-02 12:44:38', '86aa7aa7-95ef-4274-929a-4e9c7b5d7b65'),
 ('56', 'Category', '1', '0', '2016-02-02 12:42:14', '2016-02-02 12:44:42', '32723d22-1908-4cd7-9cb6-737b71cc2141'),
 ('57', 'Category', '1', '0', '2016-02-02 12:42:37', '2016-02-02 12:44:21', '8b1cd2f2-cea6-4bfe-970d-ad72af87f190'),
 ('58', 'Category', '1', '0', '2016-02-02 12:42:43', '2016-02-02 12:44:26', 'edc31327-0960-4ae3-b5a7-db8e042bd62f'),
 ('59', 'Category', '1', '0', '2016-02-02 12:45:26', '2016-02-02 12:48:19', 'd99d5877-883e-4dbd-bec3-0c73b0c19e02'),
 ('60', 'Category', '1', '0', '2016-02-02 12:45:38', '2016-02-02 12:48:30', 'da24754b-8358-4059-b249-65b1d091eabf'),
 ('61', 'Category', '1', '0', '2016-02-02 12:45:41', '2016-02-02 12:48:42', '22fa1e5d-e41e-4c53-a9a9-20a738d3160b'),
 ('62', 'Category', '1', '0', '2016-02-02 12:45:51', '2016-02-02 12:49:06', '77fef464-928b-4d28-92d4-f85a26770e4a'),
 ('63', 'Category', '1', '0', '2016-02-02 12:49:18', '2016-02-02 12:49:18', '98b16fa8-08c6-46ea-b00d-b234762949f7'),
 ('64', 'Category', '1', '0', '2016-02-02 12:49:30', '2016-02-02 12:49:30', 'cd3bd322-20c4-4013-b6d1-cd33d1cbcf2a'),
 ('65', 'Category', '1', '0', '2016-02-02 12:49:35', '2016-02-02 12:49:35', '9345e18b-6513-4756-bbbb-33e10f539c26'),
 ('66', 'Category', '1', '0', '2016-02-02 12:50:06', '2016-02-02 12:50:06', '62df4eac-a7a7-4146-9e3c-2fe247a1f770'),
 ('67', 'Category', '1', '0', '2016-02-02 12:50:16', '2016-02-02 12:50:16', '5886efeb-7071-48c9-93f1-3feb8527dbdd'),
 ('68', 'Category', '1', '0', '2016-02-02 12:50:33', '2016-02-02 12:50:33', '0490a115-dc7e-418e-806e-4e83fae5a829'),
 ('69', 'Category', '1', '0', '2016-02-02 12:50:48', '2016-02-02 12:50:48', 'b87e655e-e488-4d5a-b2be-fdf31105defa'),
 ('70', 'Category', '1', '0', '2016-02-02 12:50:55', '2016-02-02 12:50:55', 'd7b8dd04-8a59-4553-86a9-ef9151dd6af8'),
 ('71', 'Category', '1', '0', '2016-02-02 12:51:11', '2016-02-02 12:51:11', 'ded2db1d-83a9-4ac2-801e-f2b4b1bf6fe9'),
 ('72', 'Category', '1', '0', '2016-02-02 12:51:27', '2016-02-02 12:51:27', 'a0260d5a-367b-415b-af53-ced1510f9432'),
 ('73', 'Category', '1', '0', '2016-02-02 12:51:33', '2016-02-02 12:51:33', '6197b1fe-5d11-4b87-8cc4-c4ba621bae5e'),
 ('74', 'Category', '1', '0', '2016-02-02 12:51:49', '2016-02-02 12:51:49', 'c3d06610-469c-4a6e-8a4f-c7f10b19d4e1'),
 ('75', 'Category', '1', '0', '2016-02-02 12:52:01', '2016-02-02 12:52:01', 'c24b8272-31f2-4920-b94b-591d5eb27f2f'),
 ('76', 'User', '1', '0', '2016-02-02 13:06:46', '2016-02-04 11:13:13', 'eacbde01-ab36-4e68-bce8-ec897623d181'),
 ('78', 'User', '1', '0', '2016-02-03 13:03:25', '2016-02-09 16:04:39', 'f4050227-9626-444e-8f75-dd457f582649'),
 ('79', 'Category', '1', '0', '2016-02-06 10:33:43', '2016-02-06 10:33:43', '84e626a5-2dd5-4fff-973f-c8056dd7d84f'),
 ('80', 'Asset', '1', '0', '2016-02-06 13:39:16', '2016-02-06 13:39:31', 'c85c0234-90c3-4fac-bdc3-99f6efd0864d'),
 ('81', 'GlobalSet', '1', '0', '2016-02-09 13:55:39', '2016-02-09 14:14:21', '78fdecb1-5cd0-4623-9025-7ffc3316ee51'),
 ('82', 'MatrixBlock', '1', '0', '2016-02-09 14:00:13', '2016-02-09 14:14:21', 'f5be2fef-18c9-4657-89df-16fbe3fd330d'),
 ('83', 'MatrixBlock', '1', '0', '2016-02-09 14:01:16', '2016-02-09 14:14:21', 'b159a862-944b-472b-9749-4ed468c56e50'),
 ('84', 'MatrixBlock', '1', '0', '2016-02-09 14:01:16', '2016-02-09 14:14:21', '506499b6-72dc-4183-b2a8-c9f75e27477e'),
 ('85', 'GlobalSet', '1', '0', '2016-02-09 14:16:03', '2016-02-09 14:18:55', '529051a1-dc83-4a0e-b3a3-ce2b8cb88749'),
 ('86', 'MatrixBlock', '1', '0', '2016-02-09 14:24:08', '2016-02-09 14:34:34', 'bd55228d-30b4-41cf-8040-9dba5ed3f3cf'),
 ('87', 'MatrixBlock', '1', '0', '2016-02-09 14:24:08', '2016-02-09 14:34:34', 'f1d4ee61-2a19-4d49-8990-caedbf31e9be'),
 ('88', 'MatrixBlock', '1', '0', '2016-02-09 14:24:08', '2016-02-09 14:34:34', 'f6d56735-c3b4-433d-8508-2b895762d3a8'),
 ('89', 'MatrixBlock', '1', '0', '2016-02-09 14:24:08', '2016-02-09 14:34:34', '1e932328-8216-4574-b454-91652dc54e2f'),
 ('90', 'Asset', '1', '0', '2016-02-10 16:35:17', '2016-02-10 16:35:48', '0fbec912-9f16-4cc0-ad4b-621d2b60c552'),
 ('91', 'MatrixBlock', '1', '0', '2016-02-10 16:36:20', '2016-02-10 16:38:04', 'c7a27325-1ad8-4b5d-974e-d3ade2a239ee'),
 ('92', 'Entry', '1', '0', '2016-02-10 16:38:41', '2016-02-10 16:38:41', '65bf5d6b-5839-4b10-8d9a-3dbd1d4179ba'),
 ('93', 'Entry', '1', '0', '2016-02-10 16:39:29', '2016-02-10 16:39:29', 'a8642272-e5f9-4780-9bc1-c2dd9d6805c0'),
 ('94', 'Entry', '1', '0', '2016-02-10 16:39:48', '2016-02-10 16:39:48', '6412cfbb-37ff-4a42-9966-1d4db88c02e8'),
 ('95', 'Entry', '1', '0', '2016-02-10 16:40:32', '2016-02-10 16:40:32', 'b34b6163-ddde-4fb0-ac8b-2c313ee60440'),
 ('96', 'Asset', '1', '0', '2016-02-10 16:42:29', '2016-02-10 16:42:54', 'f948bd24-7c61-49d7-9d84-5ea5b0572b2f'),
 ('97', 'MatrixBlock', '1', '0', '2016-02-10 16:44:41', '2016-02-10 16:44:46', '6e1840cc-e7b1-4d17-8ef1-b309b837addb');



DROP TABLE IF EXISTS `katr_elements_i18n`;


--
-- Schema for table `katr_elements_i18n`
--
CREATE TABLE `katr_elements_i18n` (
  `id` int(11) NOT NULL AUTO_INCREMENT,
  `elementId` int(11) NOT NULL,
  `locale` char(12) COLLATE utf8_unicode_ci NOT NULL,
  `slug` varchar(255) COLLATE utf8_unicode_ci DEFAULT NULL,
  `uri` varchar(255) COLLATE utf8_unicode_ci DEFAULT NULL,
  `enabled` tinyint(1) unsigned NOT NULL DEFAULT '1',
  `dateCreated` datetime NOT NULL,
  `dateUpdated` datetime NOT NULL,
  `uid` char(36) COLLATE utf8_unicode_ci NOT NULL DEFAULT '0',
  PRIMARY KEY (`id`),
  UNIQUE KEY `katr_elements_i18n_elementId_locale_unq_idx` (`elementId`,`locale`),
  UNIQUE KEY `katr_elements_i18n_uri_locale_unq_idx` (`uri`,`locale`),
  KEY `katr_elements_i18n_slug_locale_idx` (`slug`,`locale`),
  KEY `katr_elements_i18n_enabled_idx` (`enabled`),
  KEY `katr_elements_i18n_locale_fk` (`locale`)
) ENGINE=InnoDB AUTO_INCREMENT=98 DEFAULT CHARSET=utf8 COLLATE=utf8_unicode_ci;

--
-- Data for table `katr_elements_i18n`
--

INSERT INTO `katr_elements_i18n` (`id`, `elementId`, `locale`, `slug`, `uri`, `enabled`, `dateCreated`, `dateUpdated`, `uid`) VALUES
 ('1', '1', 'cs', '', NULL, '1', '2016-02-01 15:21:42', '2016-02-01 15:21:42', '4957c72e-6331-42d6-9525-fca09f2a800c'),
 ('2', '2', 'cs', 'homepage', '__home__', '1', '2016-02-01 15:21:44', '2016-02-09 14:34:34', 'aaa4c1cf-b476-4f29-a4a4-d314bc9d2d83'),
 ('3', '3', 'cs', 'we-just-installed-craft', 'oznameni/2016/we-just-installed-craft', '1', '2016-02-01 15:21:44', '2016-02-02 12:18:11', '42a61d2e-7d9f-4070-818c-305e68883273'),
 ('4', '4', 'cs', 'test-pages', 'test-pages', '1', '2016-02-01 16:39:08', '2016-02-01 17:01:18', 'd5da5e15-d5b4-446b-8bb5-2a695ade0388'),
 ('5', '5', 'cs', 'výrobkové-řady', 'katalog/výrobkové-řady', '1', '2016-02-02 12:25:41', '2016-02-02 12:25:41', 'b5ab25d9-c82a-4a9a-b3ba-7274ebeae652'),
 ('6', '6', 'cs', 'standard-line-c3', 'katalog/výrobkové-řady/standard-line-c3', '1', '2016-02-02 12:25:56', '2016-02-10 16:38:04', 'e3b07dc5-2045-4bb1-94cb-d792d2eb2c22'),
 ('7', '7', 'cs', 'economic-line-e3', 'katalog/výrobkové-řady/economic-line-e3', '1', '2016-02-02 12:26:10', '2016-02-10 16:44:46', 'f4472903-b1e0-4e25-a30f-0cdc1d74f5cc'),
 ('8', '8', 'cs', 'comfort-line-m3', 'katalog/výrobkové-řady/comfort-line-m3', '1', '2016-02-02 12:26:34', '2016-02-10 16:40:42', 'a6cfb347-6f9f-4238-bc5f-65a4c4cd5421'),
 ('9', '9', 'cs', 'store-line-z', 'katalog/výrobkové-řady/store-line-z', '1', '2016-02-02 12:26:47', '2016-02-02 12:26:52', '5c869069-bc47-41a3-bb53-b1ce05200b1d'),
 ('10', '10', 'cs', 'rámy', 'katalog/rámy', '1', '2016-02-02 12:27:05', '2016-02-02 12:27:05', 'a277059f-c329-43f2-9838-88623d9d8e68'),
 ('11', '11', 'cs', 'typ-c3', 'katalog/rámy/typ-c3', '1', '2016-02-02 12:27:18', '2016-02-02 12:27:22', '5d1ddae6-73cf-4c0b-83e3-c7ef843f764c'),
 ('12', '12', 'cs', 'typ-e3', 'katalog/rámy/typ-e3', '1', '2016-02-02 12:27:30', '2016-02-02 12:27:33', '5c11a059-2cf6-4b01-bf27-3b845b12d0f9'),
 ('13', '13', 'cs', 'typ-m3', 'katalog/rámy/typ-m3', '1', '2016-02-02 12:27:41', '2016-02-02 12:27:45', 'dba1db5a-391f-4e3c-af4a-736262684c9a'),
 ('14', '14', 'cs', 'plošné-prvky', 'katalog/plošné-prvky', '1', '2016-02-02 12:28:03', '2016-02-02 12:28:03', '41f4be59-8833-4e65-a426-ef88ee10c7ed'),
 ('15', '15', 'cs', 'strop-a-střecha', 'katalog/plošné-prvky/strop-a-střecha', '1', '2016-02-02 12:28:14', '2016-02-02 12:28:17', '40a1a407-ef89-4b14-9153-23bea17a26d3'),
 ('16', '16', 'cs', 'podlaha', 'katalog/plošné-prvky/podlaha', '1', '2016-02-02 12:28:29', '2016-02-02 12:28:33', '503bdf5e-90e9-4135-ac56-dded7a6c2a3c'),
 ('17', '17', 'cs', 'stěny', 'katalog/plošné-prvky/stěny', '1', '2016-02-02 12:28:46', '2016-02-02 12:28:50', 'dd8ac65c-0435-49b9-bf5d-bf9c4a742b89'),
 ('18', '18', 'cs', 'příčky', 'katalog/plošné-prvky/příčky', '1', '2016-02-02 12:29:00', '2016-02-02 12:29:03', '495ed9d1-9a5c-4503-8816-47be477639f8'),
 ('19', '19', 'cs', 'povrchy', 'katalog/plošné-prvky/povrchy', '1', '2016-02-02 12:29:22', '2016-02-02 12:29:25', 'a701e14e-d30c-4867-b11e-0b737b451a5f'),
 ('20', '20', 'cs', 'podlahové-krytiny', 'katalog/plošné-prvky/povrchy/podlahové-krytiny', '1', '2016-02-02 12:29:34', '2016-02-02 12:29:40', '76df786a-63ee-436b-a192-aa1d423b596f'),
 ('21', '21', 'cs', 'dlažby', 'katalog/plošné-prvky/povrchy/dlažby', '1', '2016-02-02 12:29:48', '2016-02-02 12:29:52', 'd27dbc43-7126-4b43-a3e6-64de9cf42cf9'),
 ('22', '22', 'cs', 'obklady', 'katalog/plošné-prvky/povrchy/obklady', '1', '2016-02-02 12:30:10', '2016-02-02 12:30:10', '0c0084b9-b6e7-40ef-8be6-d0ceccd28b17'),
 ('23', '23', 'cs', 'nátěry-a-nástřiky', 'katalog/plošné-prvky/povrchy/nátěry-a-nástřiky', '1', '2016-02-02 12:30:26', '2016-02-02 12:30:30', '652cbb83-166b-4d32-ad1f-4352a070d4f5'),
 ('24', '24', 'cs', 'fasádní-systémy', 'katalog/plošné-prvky/fasádní-systémy', '1', '2016-02-02 12:30:42', '2016-02-02 12:30:49', 'dd6311dd-70fb-46e5-9caa-d2855b078735'),
 ('25', '25', 'cs', 'vodorovný-trapézový-plech', 'katalog/plošné-prvky/fasádní-systémy/vodorovný-trapézový-plech', '1', '2016-02-02 12:31:04', '2016-02-02 12:31:14', '3fa0fe07-1d3d-416d-8ac9-85aa86ad7663'),
 ('26', '26', 'cs', 'vysokotlaký-laminát', 'katalog/plošné-prvky/fasádní-systémy/vysokotlaký-laminát', '1', '2016-02-02 12:31:40', '2016-02-02 12:31:40', '890a9e8f-8fb4-4e74-9cc9-05ec20aaec11'),
 ('27', '27', 'cs', 'zateplovací-systém-s-omítkou', 'katalog/plošné-prvky/fasádní-systémy/zateplovací-systém-s-omítkou', '1', '2016-02-02 12:31:53', '2016-02-02 12:31:53', '19d98075-9184-42b3-92ab-ad24c85c4ad2'),
 ('28', '28', 'cs', 'cemento-vláknité-desky', 'katalog/plošné-prvky/fasádní-systémy/cemento-vláknité-desky', '1', '2016-02-02 12:32:01', '2016-02-02 12:32:01', '75213c89-6f1f-42f4-a6ac-e859bff682da'),
 ('29', '29', 'cs', 'bond', 'katalog/plošné-prvky/fasádní-systémy/bond', '1', '2016-02-02 12:32:08', '2016-02-02 12:32:08', '96cea072-8842-4890-b0c2-a4d46552b060'),
 ('30', '30', 'cs', 'výplně-otvorů', 'katalog/výplně-otvorů', '1', '2016-02-02 12:32:28', '2016-02-02 12:32:28', '2334e403-d9fd-423d-bea5-65ed15e5b9ff'),
 ('31', '31', 'cs', 'okna', 'katalog/výplně-otvorů/okna', '1', '2016-02-02 12:33:05', '2016-02-02 12:33:05', 'd758d4bf-e981-4717-a239-564f96ad6fdd'),
 ('32', '32', 'cs', 'dveře', 'katalog/výplně-otvorů/dveře', '1', '2016-02-02 12:33:12', '2016-02-02 12:33:12', 'c55553fa-b90d-46c9-bbbf-8a05f32c2774'),
 ('33', '33', 'cs', 'instalace', 'katalog/instalace', '1', '2016-02-02 12:33:30', '2016-02-02 12:33:30', '9e6efad1-8edd-4ab2-892d-8d3c199516c6'),
 ('34', '34', 'cs', 'elektroinstalace', 'katalog/instalace/elektroinstalace', '1', '2016-02-02 12:33:52', '2016-02-02 12:33:52', '60e27d89-ef42-498b-ac0e-67c0a60ee1e6'),
 ('35', '35', 'cs', 'zásuvky-a-vypínače', 'katalog/instalace/elektroinstalace/zásuvky-a-vypínače', '1', '2016-02-02 12:34:40', '2016-02-02 12:34:40', '5ba9bdf6-fba6-4f82-9407-3d6e868c8cf1'),
 ('36', '36', 'cs', 'kabelové-trasy', 'katalog/instalace/elektroinstalace/kabelové-trasy', '1', '2016-02-02 12:34:53', '2016-02-02 12:34:53', 'c21fc05d-5177-4fa4-977a-388b908d8d70'),
 ('37', '37', 'cs', 'svítidla', 'katalog/instalace/elektroinstalace/svítidla', '1', '2016-02-02 12:35:05', '2016-02-02 12:35:05', '3d1987b3-d07b-43bd-a281-decc9391054d'),
 ('38', '38', 'cs', 'rozvaděče', 'katalog/instalace/elektroinstalace/rozvaděče', '1', '2016-02-02 12:35:14', '2016-02-02 12:35:15', 'd7c2b3a9-b50f-49da-b0e0-98f3226ed11e'),
 ('39', '39', 'cs', 'elektrická-topidla', 'katalog/instalace/elektroinstalace/elektrická-topidla', '1', '2016-02-02 12:35:27', '2016-02-02 12:35:27', '2295401b-2e49-4465-877a-b48eaea9885b'),
 ('40', '40', 'cs', 'ventilátory', 'katalog/instalace/elektroinstalace/ventilátory', '1', '2016-02-02 12:35:39', '2016-02-02 12:35:39', 'e8818c68-5b05-4407-aa14-d02353572688'),
 ('41', '41', 'cs', 'klimatizace', 'katalog/instalace/elektroinstalace/klimatizace', '1', '2016-02-02 12:35:48', '2016-02-02 12:35:49', '4b15a27c-246d-45c7-885a-1c83e114ba55'),
 ('42', '42', 'cs', 'sanitární-vybavení', 'katalog/instalace/sanitární-vybavení', '1', '2016-02-02 12:36:12', '2016-02-02 12:36:12', 'afc9ee01-932c-43ac-a053-f2b72bfc6fc8'),
 ('43', '43', 'cs', 'vzduchotechnika', 'katalog/instalace/vzduchotechnika', '1', '2016-02-02 12:36:22', '2016-02-02 12:36:22', '49abaef5-505f-4f29-8d23-4083e62c61a4'),
 ('44', '44', 'cs', 'sanitární-keramika', 'katalog/instalace/sanitární-vybavení/sanitární-keramika', '1', '2016-02-02 12:37:07', '2016-02-02 12:37:07', '34eaa97e-10c1-484a-b70d-910f485ea329'),
 ('45', '45', 'cs', 'zařizovací-předměty', 'katalog/instalace/sanitární-vybavení/zařizovací-předměty', '1', '2016-02-02 12:37:16', '2016-02-02 12:37:16', 'f96ea0a8-816b-4308-8547-6e634e6b08f1'),
 ('46', '46', 'cs', 'ohřívače-vody', 'katalog/instalace/sanitární-vybavení/ohřívače-vody', '1', '2016-02-02 12:37:24', '2016-02-02 12:37:24', 'cdb0f85a-e844-4f51-bb69-d0bdaa607f5a'),
 ('47', '47', 'cs', 'potruní-a-armatury', 'katalog/instalace/sanitární-vybavení/potruní-a-armatury', '1', '2016-02-02 12:37:33', '2016-02-02 12:37:34', '127a479f-aae7-4672-bdbe-e2279ee2769e'),
 ('48', '48', 'cs', 'příslušenství', 'katalog/příslušenství', '1', '2016-02-02 12:38:08', '2016-02-02 12:38:08', '24286b1d-a0b7-4492-914e-c8d6bd84cd6f'),
 ('49', '49', 'cs', 'schodiště', 'katalog/příslušenství/schodiště', '1', '2016-02-02 12:38:38', '2016-02-02 12:38:38', '80209026-6583-4c37-b64d-c49e86df69cb'),
 ('50', '50', 'cs', 'přístřešky', 'katalog/příslušenství/přístřešky', '1', '2016-02-02 12:38:46', '2016-02-02 12:38:46', '871730c7-e38d-4d34-9782-846eb0aadf5d'),
 ('51', '51', 'cs', 'sekundární-střecha', 'katalog/příslušenství/sekundární-střecha', '1', '2016-02-02 12:38:55', '2016-02-02 12:38:55', 'b2d15dcc-f318-409c-812f-9218caffffb1'),
 ('52', '52', 'cs', 'atika', 'katalog/příslušenství/atika', '1', '2016-02-02 12:39:02', '2016-02-02 12:39:02', '84fddadd-e49e-4e0c-83b5-ce9b814350a6'),
 ('53', '53', 'cs', 'uložení-na-základy', 'katalog/příslušenství/uložení-na-základy', '1', '2016-02-02 12:39:09', '2016-02-02 12:39:09', '6bb100df-bee1-4d60-a435-2b0ec0f7c805'),
 ('54', '54', 'cs', 'c3', NULL, '1', '2016-02-02 12:41:48', '2016-02-02 12:44:31', 'c5d545ae-b46a-4b6c-94ca-f7a7e20b6f0e'),
 ('55', '55', 'cs', 'm3', NULL, '1', '2016-02-02 12:41:55', '2016-02-02 12:44:38', '7507c032-a6c1-400f-8313-2327bea0d664'),
 ('56', '56', 'cs', 'e3', NULL, '1', '2016-02-02 12:42:14', '2016-02-02 12:44:42', '8e5ebd79-c81b-46ed-b58b-22cbe1210d90'),
 ('57', '57', 'cs', 'zf', NULL, '1', '2016-02-02 12:42:37', '2016-02-02 12:44:21', 'b529d409-f423-4ec8-94ff-74d0c0181c2f'),
 ('58', '58', 'cs', 'zl', NULL, '1', '2016-02-02 12:42:43', '2016-02-02 12:44:26', 'acdb6748-b60f-4cb5-aa45-4e467f304c52'),
 ('59', '59', 'cs', 'cz', NULL, '1', '2016-02-02 12:45:26', '2016-02-02 12:48:19', '43ce9f28-ac42-46f0-b576-df0e6b77c9c8'),
 ('60', '60', 'cs', 'sk', NULL, '1', '2016-02-02 12:45:38', '2016-02-02 12:48:30', '84d3380b-ec3a-41e2-8e0c-18b4fadba677'),
 ('61', '61', 'cs', 'd', NULL, '1', '2016-02-02 12:45:41', '2016-02-02 12:48:42', 'f60b8c3d-f743-4e2d-b450-e9c390959fc5'),
 ('62', '62', 'cs', 'ch', NULL, '1', '2016-02-02 12:45:51', '2016-02-02 12:49:06', '9f74305c-5b3b-4db1-973f-8578df7aabe4'),
 ('63', '63', 'cs', 'nizozemsko', NULL, '1', '2016-02-02 12:49:18', '2016-02-02 12:49:18', '3a25a0ec-1373-43c0-b30e-dc529e965445'),
 ('64', '64', 'cs', 'belgie', NULL, '1', '2016-02-02 12:49:30', '2016-02-02 12:49:30', '3b73d8ce-2f71-4163-a696-a103ab4013c7'),
 ('65', '65', 'cs', 'francie', NULL, '1', '2016-02-02 12:49:35', '2016-02-02 12:49:35', '96d0e905-f41c-43dc-b434-6297032f9ef4'),
 ('66', '66', 'cs', 'rámy', NULL, '1', '2016-02-02 12:50:06', '2016-02-02 12:50:06', '52608b03-fc5e-4a68-b827-7ccec77a3cd7'),
 ('67', '67', 'cs', 'plošné-prvky', NULL, '1', '2016-02-02 12:50:16', '2016-02-02 12:50:16', '37262d30-f18c-4047-b511-779cd9950c7d'),
 ('68', '68', 'cs', 'podlaha', NULL, '1', '2016-02-02 12:50:33', '2016-02-02 12:50:33', '021d4b77-67bb-4d18-b857-f8c6c6ff1493'),
 ('69', '69', 'cs', 'stěny', NULL, '1', '2016-02-02 12:50:48', '2016-02-02 12:50:48', '0330c973-e082-4ef5-9f6e-0c50367c91da'),
 ('70', '70', 'cs', 'fasádní-systémy', NULL, '1', '2016-02-02 12:50:55', '2016-02-02 12:50:55', 'd2ac8460-4678-4f48-a666-7a856e91d095'),
 ('71', '71', 'cs', 'výplně-otvorů', NULL, '1', '2016-02-02 12:51:11', '2016-02-02 12:51:11', '98eb8147-9504-43db-9749-7f6cdcf6489e'),
 ('72', '72', 'cs', 'okna', NULL, '1', '2016-02-02 12:51:27', '2016-02-02 12:51:27', '749c81b9-9faa-452e-9cff-f21a3aecae25'),
 ('73', '73', 'cs', 'dveře', NULL, '1', '2016-02-02 12:51:33', '2016-02-02 12:51:33', 'c1049b9b-8f23-450f-865d-4883adc87bb6'),
 ('74', '74', 'cs', 'příslušenství', NULL, '1', '2016-02-02 12:51:50', '2016-02-02 12:51:50', '80bd52b1-96c7-46a3-8944-5a28620c0cf9'),
 ('75', '75', 'cs', 'schodiště', NULL, '1', '2016-02-02 12:52:01', '2016-02-02 12:52:01', 'e157cc71-0e60-49e7-b67d-36979df234db'),
 ('76', '76', 'cs', '', NULL, '1', '2016-02-02 13:06:46', '2016-02-04 11:13:13', 'be19abeb-f0d0-49dd-a435-44c97d74d7bb'),
 ('78', '78', 'cs', '', NULL, '1', '2016-02-03 13:03:25', '2016-02-09 16:04:39', 'c2b6c532-fadb-4bf0-9d57-a92871013522'),
 ('79', '79', 'cs', 'výrobkové-řady', NULL, '1', '2016-02-06 10:33:43', '2016-02-06 10:33:47', '219c4976-7198-473b-a60c-071029ed3dfa'),
 ('80', '80', 'cs', 'cz-oknotherm-technický-list-bezfalcové-okno', NULL, '1', '2016-02-06 13:39:16', '2016-02-06 13:39:31', '213d1ed1-9b91-458c-b3c4-1651c1980906'),
 ('81', '81', 'cs', '', NULL, '1', '2016-02-09 13:55:39', '2016-02-09 14:14:21', '1adbf1a2-444f-465f-8c06-dbcf03756698'),
 ('82', '82', 'cs', '', NULL, '1', '2016-02-09 14:00:13', '2016-02-09 14:14:21', '9a20a9d2-3627-405a-8bbc-7332867ca026'),
 ('83', '83', 'cs', '', NULL, '1', '2016-02-09 14:01:16', '2016-02-09 14:14:21', 'f2436b3e-4fcc-41a6-bc35-05f586e74c70'),
 ('84', '84', 'cs', '', NULL, '1', '2016-02-09 14:01:16', '2016-02-09 14:14:21', '84c88d0e-11d0-496e-b30e-d9a57efc5e06'),
 ('85', '85', 'cs', '', NULL, '1', '2016-02-09 14:16:03', '2016-02-09 14:18:55', '46ae6238-2a51-4b44-8529-d439fdc5eb20'),
 ('86', '86', 'cs', '', NULL, '1', '2016-02-09 14:24:08', '2016-02-09 14:34:34', '9e9fecc0-363b-4e41-bbe0-0a7e05df1fb1'),
 ('87', '87', 'cs', '', NULL, '1', '2016-02-09 14:24:08', '2016-02-09 14:34:34', '87b5a6b7-f033-470f-a809-dc6e767e300a'),
 ('88', '88', 'cs', '', NULL, '1', '2016-02-09 14:24:08', '2016-02-09 14:34:34', '67566bd3-1207-4a97-bc98-7eaa23aec905'),
 ('89', '89', 'cs', '', NULL, '1', '2016-02-09 14:24:08', '2016-02-09 14:34:34', '844d68c1-be30-4c9d-b3e3-0c98fd5ce05e'),
 ('90', '90', 'cs', 'm3-cj', NULL, '1', '2016-02-10 16:35:17', '2016-02-10 16:35:48', 'b81052d5-8a50-46a8-83cd-c8b9897362ea'),
 ('91', '91', 'cs', '', NULL, '1', '2016-02-10 16:36:20', '2016-02-10 16:38:04', '61f908f5-7eec-483a-8ab8-031378ad4631'),
 ('92', '92', 'cs', 'obytné-kontejnery-c3l', 'katalog/výrobkové-řady/standard-line-c3/obytné-kontejnery-c3l', '1', '2016-02-10 16:38:41', '2016-02-10 16:38:51', 'e986dbfa-4559-40b8-8df5-7bf2bc3cd62c'),
 ('93', '93', 'cs', 'sanitární-kontejnery-c3s', 'katalog/výrobkové-řady/standard-line-c3/sanitární-kontejnery-c3s', '1', '2016-02-10 16:39:29', '2016-02-10 16:39:31', '0d11b2fb-7619-4a59-b8cb-c65460efc7b8'),
 ('94', '94', 'cs', 'variabilní-kontejnery-c3v', 'katalog/výrobkové-řady/standard-line-c3/variabilní-kontejnery-c3v', '1', '2016-02-10 16:39:48', '2016-02-10 16:39:53', '0f1cc047-0b10-4bd3-85ec-ae069c1b375f'),
 ('95', '95', 'cs', 'variabilní-skladatelné-kontejnery-c3vf', 'katalog/výrobkové-řady/standard-line-c3/variabilní-skladatelné-kontejnery-c3vf', '1', '2016-02-10 16:40:32', '2016-02-10 16:40:33', '7a57c2a0-5aa7-4a55-80e1-de41858af5fa'),
 ('96', '96', 'cs', 'e3-cj', NULL, '1', '2016-02-10 16:42:30', '2016-02-10 16:42:54', '0651495a-1224-44c4-9eee-1bb2911c143d'),
 ('97', '97', 'cs', '', NULL, '1', '2016-02-10 16:44:41', '2016-02-10 16:44:46', 'd9931da7-c757-4e25-8355-a47d33c09fc8');



DROP TABLE IF EXISTS `katr_emailmessages`;


--
-- Schema for table `katr_emailmessages`
--
CREATE TABLE `katr_emailmessages` (
  `id` int(11) NOT NULL AUTO_INCREMENT,
  `key` char(150) COLLATE utf8_unicode_ci NOT NULL,
  `locale` char(12) COLLATE utf8_unicode_ci NOT NULL,
  `subject` varchar(1000) COLLATE utf8_unicode_ci NOT NULL,
  `body` text COLLATE utf8_unicode_ci NOT NULL,
  `dateCreated` datetime NOT NULL,
  `dateUpdated` datetime NOT NULL,
  `uid` char(36) COLLATE utf8_unicode_ci NOT NULL DEFAULT '0',
  PRIMARY KEY (`id`),
  UNIQUE KEY `katr_emailmessages_key_locale_unq_idx` (`key`,`locale`),
  KEY `katr_emailmessages_locale_fk` (`locale`)
) ENGINE=InnoDB AUTO_INCREMENT=3 DEFAULT CHARSET=utf8 COLLATE=utf8_unicode_ci;

--
-- Data for table `katr_emailmessages`
--

INSERT INTO `katr_emailmessages` (`id`, `key`, `locale`, `subject`, `body`, `dateCreated`, `dateUpdated`, `uid`) VALUES
 ('1', 'account_activation', 'cs', 'Aktivujte Váš účet', 'Ahoj {{user.friendlyName}},\n\nděkujeme za vytvoření uživatelského účtu na webu {{siteName}}! Pro aktivaci svého účtu prosím otevři následující odkaz:\n\n{{link}}\n\nPokud nevíte, o co se jedná, klidně tuto zprávu ignorujte. ', '2016-02-09 17:26:11', '2016-02-09 17:26:11', '081b5b9f-3f8c-4fd0-819e-36312bb31ace'),
 ('2', 'test_email', 'cs', 'Toto je testovací email z KATRu', 'Ahoj {{user.friendlyName}},\n\nGratulujeme, KATRu se podařilo odeslat email.\nByla pro to použita následující nastavení:\n\n{% for key, setting in settings %}{{ key }}: {{ setting }}\n\n{% endfor %}', '2016-02-09 17:26:44', '2016-02-09 17:26:44', '4ee5b908-a742-4c3f-9230-efaaf69c4f8c');



DROP TABLE IF EXISTS `katr_entries`;


--
-- Schema for table `katr_entries`
--
CREATE TABLE `katr_entries` (
  `id` int(11) NOT NULL,
  `sectionId` int(11) NOT NULL,
  `typeId` int(11) DEFAULT NULL,
  `authorId` int(11) DEFAULT NULL,
  `postDate` datetime DEFAULT NULL,
  `expiryDate` datetime DEFAULT NULL,
  `dateCreated` datetime NOT NULL,
  `dateUpdated` datetime NOT NULL,
  `uid` char(36) COLLATE utf8_unicode_ci NOT NULL DEFAULT '0',
  PRIMARY KEY (`id`),
  KEY `katr_entries_sectionId_idx` (`sectionId`),
  KEY `katr_entries_typeId_idx` (`typeId`),
  KEY `katr_entries_postDate_idx` (`postDate`),
  KEY `katr_entries_expiryDate_idx` (`expiryDate`),
  KEY `katr_entries_authorId_fk` (`authorId`)
) ENGINE=InnoDB DEFAULT CHARSET=utf8 COLLATE=utf8_unicode_ci;

--
-- Data for table `katr_entries`
--

INSERT INTO `katr_entries` (`id`, `sectionId`, `typeId`, `authorId`, `postDate`, `expiryDate`, `dateCreated`, `dateUpdated`, `uid`) VALUES
 ('2', '1', NULL, NULL, '2016-02-01 15:21:44', NULL, '2016-02-01 15:21:44', '2016-02-09 14:34:34', 'fcf330ec-bd63-41c2-8ba4-78814a608bf9'),
 ('3', '2', '2', '1', '2016-02-01 15:21:44', NULL, '2016-02-01 15:21:44', '2016-02-01 15:21:44', 'b064de15-f340-4662-8602-cb1280ddeeba'),
 ('4', '3', '3', '1', '2016-02-01 16:39:00', NULL, '2016-02-01 16:39:08', '2016-02-01 16:57:19', '4786f75d-d811-413c-b197-daa9463b6a41'),
 ('5', '4', '4', '1', '2016-02-02 12:25:41', NULL, '2016-02-02 12:25:41', '2016-02-02 12:25:41', '8af60ef0-388b-4ad9-b0d7-8140b1f54234'),
 ('6', '4', '4', '1', '2016-02-02 12:25:00', NULL, '2016-02-02 12:25:56', '2016-02-10 16:38:04', '7348bb8f-5e9d-4fd7-8b0b-23ffa2afdffa'),
 ('7', '4', '4', '1', '2016-02-02 12:26:00', NULL, '2016-02-02 12:26:10', '2016-02-10 16:44:46', 'd25dfa0f-d306-4ef3-beb2-ec8bf26a457a'),
 ('8', '4', '4', '1', '2016-02-02 12:26:00', NULL, '2016-02-02 12:26:34', '2016-02-10 16:37:45', '16c98ab0-0a03-44e3-b1d0-0d8be2d7b9c6'),
 ('9', '4', '4', '1', '2016-02-02 12:26:47', NULL, '2016-02-02 12:26:47', '2016-02-02 12:26:47', 'edfeded2-bbbb-42ea-a933-6cc95620a402'),
 ('10', '4', '4', '1', '2016-02-02 12:27:05', NULL, '2016-02-02 12:27:05', '2016-02-02 12:27:05', '23ff4e60-ee74-4016-b908-60b980c8cdc0'),
 ('11', '4', '4', '1', '2016-02-02 12:27:18', NULL, '2016-02-02 12:27:18', '2016-02-02 12:27:18', '1b982a15-1892-41d1-98a0-fd0a4d2c5dbc'),
 ('12', '4', '4', '1', '2016-02-02 12:27:30', NULL, '2016-02-02 12:27:30', '2016-02-02 12:27:30', '84d50a4e-9f01-497a-a419-2cb7861f196b'),
 ('13', '4', '4', '1', '2016-02-02 12:27:41', NULL, '2016-02-02 12:27:41', '2016-02-02 12:27:41', '6deab218-ae89-4c97-af9d-9b352a4cca16'),
 ('14', '4', '4', '1', '2016-02-02 12:28:03', NULL, '2016-02-02 12:28:03', '2016-02-02 12:28:03', '163abb6f-9c06-4c1f-a4ab-cc3141550869'),
 ('15', '4', '4', '1', '2016-02-02 12:28:14', NULL, '2016-02-02 12:28:14', '2016-02-02 12:28:14', '67f03341-2a2a-47f9-bb08-0e791ca84667'),
 ('16', '4', '4', '1', '2016-02-02 12:28:29', NULL, '2016-02-02 12:28:29', '2016-02-02 12:28:29', '64975738-89f9-4312-bef4-7cc490db5a25'),
 ('17', '4', '4', '1', '2016-02-02 12:28:46', NULL, '2016-02-02 12:28:46', '2016-02-02 12:28:46', '00c65674-e6cb-4c16-a9b0-f4cdf5ac2868'),
 ('18', '4', '4', '1', '2016-02-02 12:29:00', NULL, '2016-02-02 12:29:00', '2016-02-02 12:29:00', '958b4d17-e5f3-4125-9900-a9c4cf896237'),
 ('19', '4', '4', '1', '2016-02-02 12:29:22', NULL, '2016-02-02 12:29:22', '2016-02-02 12:29:22', '47bf67ab-b3d9-439b-89c3-b083e3af6f72'),
 ('20', '4', '4', '1', '2016-02-02 12:29:34', NULL, '2016-02-02 12:29:34', '2016-02-02 12:29:34', '2cb72e15-bf10-449f-ad05-bce62f60ddd0'),
 ('21', '4', '4', '1', '2016-02-02 12:29:48', NULL, '2016-02-02 12:29:48', '2016-02-02 12:29:48', '410c0353-3f47-4136-a603-ce6f605e1977'),
 ('22', '4', '4', '1', '2016-02-02 12:30:10', NULL, '2016-02-02 12:30:10', '2016-02-02 12:30:10', '0457cb59-0641-45e1-be9e-2ad020987dae'),
 ('23', '4', '4', '1', '2016-02-02 12:30:26', NULL, '2016-02-02 12:30:26', '2016-02-02 12:30:26', '93a40320-ad56-4eb4-aafa-6e4a53f07d1d'),
 ('24', '4', '4', '1', '2016-02-02 12:30:42', NULL, '2016-02-02 12:30:42', '2016-02-02 12:30:42', 'd9f7ee9e-4337-43f7-b7a8-a9453c8b2472'),
 ('25', '4', '4', '1', '2016-02-02 12:31:03', NULL, '2016-02-02 12:31:04', '2016-02-02 12:31:04', 'a3861abb-14f9-438d-8e89-a98b8f878ea7'),
 ('26', '4', '4', '1', '2016-02-02 12:31:40', NULL, '2016-02-02 12:31:40', '2016-02-02 12:31:40', 'cb7cb4b9-74b1-4530-9e18-ff5f8b106846'),
 ('27', '4', '4', '1', '2016-02-02 12:31:53', NULL, '2016-02-02 12:31:53', '2016-02-02 12:31:53', 'd3205c68-a721-4bfc-928d-16e1a058d523'),
 ('28', '4', '4', '1', '2016-02-02 12:32:01', NULL, '2016-02-02 12:32:01', '2016-02-02 12:32:01', '4368b45e-ed10-4441-aab3-72817e9ab543'),
 ('29', '4', '4', '1', '2016-02-02 12:32:08', NULL, '2016-02-02 12:32:08', '2016-02-02 12:32:08', '2fd4c1ac-b14f-4186-b362-0ca0b338c281'),
 ('30', '4', '4', '1', '2016-02-02 12:32:28', NULL, '2016-02-02 12:32:28', '2016-02-02 12:32:28', 'd1b1187e-7a77-4a2f-ab25-2b29dedf677e'),
 ('31', '4', '4', '1', '2016-02-02 12:33:05', NULL, '2016-02-02 12:33:05', '2016-02-02 12:33:05', '5cdb0ad4-773a-4c13-a901-ae9f0c7e4cec'),
 ('32', '4', '4', '1', '2016-02-02 12:33:12', NULL, '2016-02-02 12:33:12', '2016-02-02 12:33:12', 'ca536978-72d2-433e-9e24-065593f5fce9'),
 ('33', '4', '4', '1', '2016-02-02 12:33:30', NULL, '2016-02-02 12:33:30', '2016-02-02 12:33:30', 'e9b7d38c-0de7-4349-9170-659138bcbe4f'),
 ('34', '4', '4', '1', '2016-02-02 12:33:52', NULL, '2016-02-02 12:33:52', '2016-02-02 12:33:52', '1c293b43-be9d-429d-8ee2-2754222787da'),
 ('35', '4', '4', '1', '2016-02-02 12:34:40', NULL, '2016-02-02 12:34:40', '2016-02-02 12:34:40', '22fcaf1a-d17a-45df-8401-1c9351e97867'),
 ('36', '4', '4', '1', '2016-02-02 12:34:53', NULL, '2016-02-02 12:34:53', '2016-02-02 12:34:53', '61ca2ca0-3caa-4a2c-9bc9-0a536e87a26b'),
 ('37', '4', '4', '1', '2016-02-02 12:35:05', NULL, '2016-02-02 12:35:05', '2016-02-02 12:35:05', '848d4107-215d-49f3-baeb-3be6e9cf0c5b'),
 ('38', '4', '4', '1', '2016-02-02 12:35:14', NULL, '2016-02-02 12:35:14', '2016-02-02 12:35:14', 'fd2fa430-4152-4a06-adf1-a9278768ec59'),
 ('39', '4', '4', '1', '2016-02-02 12:35:27', NULL, '2016-02-02 12:35:27', '2016-02-02 12:35:27', '210119d0-b0fa-4d3d-8465-f6e3ed578d55'),
 ('40', '4', '4', '1', '2016-02-02 12:35:39', NULL, '2016-02-02 12:35:39', '2016-02-02 12:35:39', '17a70577-0929-471a-b09b-9b08bcfe821a'),
 ('41', '4', '4', '1', '2016-02-02 12:35:48', NULL, '2016-02-02 12:35:48', '2016-02-02 12:35:48', '7886cd7a-31c4-4ba1-bcf5-8febd91df709'),
 ('42', '4', '4', '1', '2016-02-02 12:36:12', NULL, '2016-02-02 12:36:12', '2016-02-02 12:36:12', 'fe34dad0-66e5-4411-97f5-572b4a28bfdb'),
 ('43', '4', '4', '1', '2016-02-02 12:36:22', NULL, '2016-02-02 12:36:22', '2016-02-02 12:36:22', '500b9ac9-fb07-48d8-9d1c-d7ff82cd58fa'),
 ('44', '4', '4', '1', '2016-02-02 12:37:07', NULL, '2016-02-02 12:37:07', '2016-02-02 12:37:07', '8e044bed-d784-466b-b641-039275e0be46'),
 ('45', '4', '4', '1', '2016-02-02 12:37:16', NULL, '2016-02-02 12:37:16', '2016-02-02 12:37:16', '939a50b8-f34e-4356-8cb5-287a9bf00b9f'),
 ('46', '4', '4', '1', '2016-02-02 12:37:24', NULL, '2016-02-02 12:37:24', '2016-02-02 12:37:24', 'ce8fbf89-3f9c-4f5b-99b0-455634e38cc9'),
 ('47', '4', '4', '1', '2016-02-02 12:37:33', NULL, '2016-02-02 12:37:34', '2016-02-02 12:37:34', 'cba21e4c-6304-4808-9a30-950df01d08e2'),
 ('48', '4', '4', '1', '2016-02-02 12:38:08', NULL, '2016-02-02 12:38:08', '2016-02-02 12:38:08', 'cb41c16c-69f4-43c3-b29e-8fca2c2e5f14'),
 ('49', '4', '4', '1', '2016-02-02 12:38:38', NULL, '2016-02-02 12:38:38', '2016-02-02 12:38:38', 'ad6a9f55-792a-43b7-90ff-9bd06be5c353'),
 ('50', '4', '4', '1', '2016-02-02 12:38:46', NULL, '2016-02-02 12:38:46', '2016-02-02 12:38:46', '2f5a9f0c-6a01-478a-b29f-f1561069677e'),
 ('51', '4', '4', '1', '2016-02-02 12:38:55', NULL, '2016-02-02 12:38:55', '2016-02-02 12:38:55', '7cd25278-3580-41b6-93ef-5f005bab50ff'),
 ('52', '4', '4', '1', '2016-02-02 12:39:02', NULL, '2016-02-02 12:39:02', '2016-02-02 12:39:02', '73360c41-d3a7-4911-8702-e8a65e5b5a82'),
 ('53', '4', '4', '1', '2016-02-02 12:39:09', NULL, '2016-02-02 12:39:09', '2016-02-02 12:39:09', 'c9133bdc-1179-4a6e-b246-1e29f503c098'),
 ('92', '4', '4', '1', '2016-02-10 16:38:41', NULL, '2016-02-10 16:38:41', '2016-02-10 16:38:41', 'e299749c-2559-465d-9a0b-ed29fa17bee3'),
 ('93', '4', '4', '1', '2016-02-10 16:39:29', NULL, '2016-02-10 16:39:30', '2016-02-10 16:39:30', 'ab70f66c-04f6-4483-9190-ef30ddcfef65'),
 ('94', '4', '4', '1', '2016-02-10 16:39:48', NULL, '2016-02-10 16:39:48', '2016-02-10 16:39:48', 'ef82dca9-dbf0-4a96-af58-9156e4d50d99'),
 ('95', '4', '4', '1', '2016-02-10 16:40:32', NULL, '2016-02-10 16:40:32', '2016-02-10 16:40:32', '441cc575-f270-45c4-aaa4-e8fec12a917e');



DROP TABLE IF EXISTS `katr_entrydrafts`;


--
-- Schema for table `katr_entrydrafts`
--
CREATE TABLE `katr_entrydrafts` (
  `id` int(11) NOT NULL AUTO_INCREMENT,
  `entryId` int(11) NOT NULL,
  `sectionId` int(11) NOT NULL,
  `creatorId` int(11) NOT NULL,
  `locale` char(12) COLLATE utf8_unicode_ci NOT NULL,
  `name` varchar(255) COLLATE utf8_unicode_ci NOT NULL,
  `notes` tinytext COLLATE utf8_unicode_ci,
  `data` mediumtext COLLATE utf8_unicode_ci NOT NULL,
  `dateCreated` datetime NOT NULL,
  `dateUpdated` datetime NOT NULL,
  `uid` char(36) COLLATE utf8_unicode_ci NOT NULL DEFAULT '0',
  PRIMARY KEY (`id`),
  KEY `katr_entrydrafts_entryId_locale_idx` (`entryId`,`locale`),
  KEY `katr_entrydrafts_sectionId_fk` (`sectionId`),
  KEY `katr_entrydrafts_creatorId_fk` (`creatorId`),
  KEY `katr_entrydrafts_locale_fk` (`locale`)
) ENGINE=InnoDB DEFAULT CHARSET=utf8 COLLATE=utf8_unicode_ci;

DROP TABLE IF EXISTS `katr_entrytypes`;


--
-- Schema for table `katr_entrytypes`
--
CREATE TABLE `katr_entrytypes` (
  `id` int(11) NOT NULL AUTO_INCREMENT,
  `sectionId` int(11) NOT NULL,
  `fieldLayoutId` int(11) DEFAULT NULL,
  `name` varchar(255) COLLATE utf8_unicode_ci NOT NULL,
  `handle` varchar(255) COLLATE utf8_unicode_ci NOT NULL,
  `hasTitleField` tinyint(1) unsigned NOT NULL DEFAULT '1',
  `titleLabel` varchar(255) COLLATE utf8_unicode_ci DEFAULT 'Title',
  `titleFormat` varchar(255) COLLATE utf8_unicode_ci DEFAULT NULL,
  `sortOrder` tinyint(4) DEFAULT NULL,
  `dateCreated` datetime NOT NULL,
  `dateUpdated` datetime NOT NULL,
  `uid` char(36) COLLATE utf8_unicode_ci NOT NULL DEFAULT '0',
  PRIMARY KEY (`id`),
  UNIQUE KEY `katr_entrytypes_name_sectionId_unq_idx` (`name`,`sectionId`),
  UNIQUE KEY `katr_entrytypes_handle_sectionId_unq_idx` (`handle`,`sectionId`),
  KEY `katr_entrytypes_sectionId_fk` (`sectionId`),
  KEY `katr_entrytypes_fieldLayoutId_fk` (`fieldLayoutId`)
) ENGINE=InnoDB AUTO_INCREMENT=7 DEFAULT CHARSET=utf8 COLLATE=utf8_unicode_ci;

--
-- Data for table `katr_entrytypes`
--

INSERT INTO `katr_entrytypes` (`id`, `sectionId`, `fieldLayoutId`, `name`, `handle`, `hasTitleField`, `titleLabel`, `titleFormat`, `sortOrder`, `dateCreated`, `dateUpdated`, `uid`) VALUES
 ('1', '1', '65', 'Homepage', 'homepage', '1', 'Title', NULL, NULL, '2016-02-01 15:21:44', '2016-02-09 14:21:25', 'c07ce6f6-2710-43fb-80cb-392a50b4349d'),
 ('2', '2', '5', 'News', 'news', '1', 'Titulek', NULL, NULL, '2016-02-01 15:21:44', '2016-02-01 15:21:44', 'feee64d7-f636-4b77-83e6-2d7533bc1a75'),
 ('3', '3', '8', 'Testovací strany', 'testovaciStrany', '1', 'Titulek', NULL, NULL, '2016-02-01 16:38:18', '2016-02-01 16:56:58', '1143d79b-70d4-4e77-8ed2-7bb82c4b9a8c'),
 ('4', '4', '54', 'Katalog', 'katalog', '1', 'Titulek', NULL, NULL, '2016-02-02 12:16:25', '2016-02-08 17:26:13', '7fc56fb3-c819-49be-82f0-f22ef5b4b1e3'),
 ('5', '5', '11', 'Dokumentace', 'dokumentace', '1', 'Titulek', NULL, NULL, '2016-02-02 12:16:40', '2016-02-02 12:16:40', '68487164-bbc3-4587-b51b-5626698b5d39'),
 ('6', '6', '52', 'Položky', 'polozky', '1', 'Titulek', NULL, NULL, '2016-02-02 12:17:09', '2016-02-06 14:14:44', '8174bfed-00ce-4dd1-b44a-03637704f186');



DROP TABLE IF EXISTS `katr_entryversions`;


--
-- Schema for table `katr_entryversions`
--
CREATE TABLE `katr_entryversions` (
  `id` int(11) NOT NULL AUTO_INCREMENT,
  `entryId` int(11) NOT NULL,
  `sectionId` int(11) NOT NULL,
  `creatorId` int(11) DEFAULT NULL,
  `locale` char(12) COLLATE utf8_unicode_ci NOT NULL,
  `num` smallint(6) unsigned NOT NULL,
  `notes` tinytext COLLATE utf8_unicode_ci,
  `data` mediumtext COLLATE utf8_unicode_ci NOT NULL,
  `dateCreated` datetime NOT NULL,
  `dateUpdated` datetime NOT NULL,
  `uid` char(36) COLLATE utf8_unicode_ci NOT NULL DEFAULT '0',
  PRIMARY KEY (`id`),
  KEY `katr_entryversions_entryId_locale_idx` (`entryId`,`locale`),
  KEY `katr_entryversions_sectionId_fk` (`sectionId`),
  KEY `katr_entryversions_creatorId_fk` (`creatorId`),
  KEY `katr_entryversions_locale_fk` (`locale`)
) ENGINE=InnoDB AUTO_INCREMENT=73 DEFAULT CHARSET=utf8 COLLATE=utf8_unicode_ci;

--
-- Data for table `katr_entryversions`
--

INSERT INTO `katr_entryversions` (`id`, `entryId`, `sectionId`, `creatorId`, `locale`, `num`, `notes`, `data`, `dateCreated`, `dateUpdated`, `uid`) VALUES
 ('1', '2', '1', '1', 'cs', '1', NULL, '{\"typeId\":\"1\",\"authorId\":null,\"title\":\"Homepage\",\"slug\":\"homepage\",\"postDate\":1454340104,\"expiryDate\":null,\"enabled\":1,\"parentId\":null,\"fields\":[]}', '2016-02-01 15:21:44', '2016-02-01 15:21:44', '50321088-2774-43a3-b9c6-cea0949e0bad'),
 ('2', '2', '1', '1', 'cs', '2', NULL, '{\"typeId\":null,\"authorId\":null,\"title\":\"Welcome to Koma-katalog.dev!\",\"slug\":\"homepage\",\"postDate\":1454340104,\"expiryDate\":null,\"enabled\":\"1\",\"parentId\":null,\"fields\":{\"1\":\"<p>It\\u2019s true, this site doesn\\u2019t have a whole lot of content yet, but don\\u2019t worry. Our web developers have just installed the CMS, and they\\u2019re setting things up for the content editors this very moment. Soon Koma-katalog.dev will be an oasis of fresh perspectives, sharp analyses, and astute opinions that will keep you coming back again and again.<\\/p>\"}}', '2016-02-01 15:21:44', '2016-02-01 15:21:44', '5a2633b5-8d93-4ef3-a160-ea110d48f0f9'),
 ('3', '3', '2', '1', 'cs', '1', NULL, '{\"typeId\":\"2\",\"authorId\":\"1\",\"title\":\"We just installed Craft!\",\"slug\":\"we-just-installed-craft\",\"postDate\":1454340104,\"expiryDate\":null,\"enabled\":1,\"parentId\":null,\"fields\":[]}', '2016-02-01 15:21:44', '2016-02-01 15:21:44', '0e49232b-5b56-4cf8-bc30-694429d73870'),
 ('4', '4', '3', '1', 'cs', '1', '', '{\"typeId\":null,\"authorId\":\"1\",\"title\":\"Hlavn\\u00ed testovac\\u00ed strana\",\"slug\":\"pageone\",\"postDate\":1454344748,\"expiryDate\":null,\"enabled\":1,\"parentId\":\"\",\"fields\":[]}', '2016-02-01 16:39:08', '2016-02-01 16:39:08', '4d3b4894-83de-43ee-91bf-540fc3099a03'),
 ('5', '4', '3', '1', 'cs', '2', '', '{\"typeId\":\"3\",\"authorId\":\"1\",\"title\":\"Hlavn\\u00ed testovac\\u00ed strana\",\"slug\":\"pageone\",\"postDate\":1454344740,\"expiryDate\":null,\"enabled\":1,\"parentId\":\"\",\"fields\":[]}', '2016-02-01 16:40:55', '2016-02-01 16:40:55', '510ad48a-2dd2-4be1-8a13-6a8409c29b7a'),
 ('6', '4', '3', '1', 'cs', '3', '', '{\"typeId\":\"3\",\"authorId\":\"1\",\"title\":\"Hlavn\\u00ed testovac\\u00ed strana\",\"slug\":\"testovaci-strany\",\"postDate\":1454344740,\"expiryDate\":null,\"enabled\":1,\"parentId\":\"\",\"fields\":[]}', '2016-02-01 16:44:54', '2016-02-01 16:44:54', '5fb80d84-103e-4744-a0e2-fb1a87c7b893'),
 ('7', '4', '3', '1', 'cs', '4', '', '{\"typeId\":\"3\",\"authorId\":\"1\",\"title\":\"Hlavn\\u00ed testovac\\u00ed strana\",\"slug\":\"test-pages\",\"postDate\":1454344740,\"expiryDate\":null,\"enabled\":1,\"parentId\":\"\",\"fields\":[]}', '2016-02-01 16:45:14', '2016-02-01 16:45:14', '88128f7b-3db8-4774-bb80-5852794b543b'),
 ('8', '4', '3', '1', 'cs', '5', '', '{\"typeId\":\"3\",\"authorId\":\"1\",\"title\":\"Hlavn\\u00ed testovac\\u00ed strana\",\"slug\":\"test-pages\",\"postDate\":1454344740,\"expiryDate\":null,\"enabled\":1,\"parentId\":\"\",\"fields\":[]}', '2016-02-01 16:48:08', '2016-02-01 16:48:08', 'f2b9a1df-ae50-40b9-8d7c-3b20fcd437ea'),
 ('9', '5', '4', '1', 'cs', '1', '', '{\"typeId\":null,\"authorId\":\"1\",\"title\":\"V\\u00fdrobkov\\u00e9 \\u0159ady\",\"slug\":\"v\\u00fdrobkov\\u00e9-\\u0159ady\",\"postDate\":1454415941,\"expiryDate\":null,\"enabled\":1,\"parentId\":\"\",\"fields\":[]}', '2016-02-02 12:25:41', '2016-02-02 12:25:41', 'e466ba34-b58a-42da-877f-0fae87fb891d'),
 ('10', '6', '4', '1', 'cs', '1', '', '{\"typeId\":null,\"authorId\":\"1\",\"title\":\"Standard Line  C3\",\"slug\":\"standard-line-c3\",\"postDate\":1454415956,\"expiryDate\":null,\"enabled\":1,\"parentId\":\"\",\"fields\":[]}', '2016-02-02 12:25:56', '2016-02-02 12:25:56', '1276be3b-45f1-4690-aa6c-be92f4e54e68'),
 ('11', '7', '4', '1', 'cs', '1', '', '{\"typeId\":null,\"authorId\":\"1\",\"title\":\"Economic Line E3\",\"slug\":\"economic-line-e3\",\"postDate\":1454415970,\"expiryDate\":null,\"enabled\":1,\"parentId\":\"\",\"fields\":[]}', '2016-02-02 12:26:10', '2016-02-02 12:26:10', '8049ef99-a503-45b2-ab7b-28a266e1bb75'),
 ('12', '8', '4', '1', 'cs', '1', '', '{\"typeId\":null,\"authorId\":\"1\",\"title\":\"Comfort Line M3\",\"slug\":\"comfort-line-m3\",\"postDate\":1454415994,\"expiryDate\":null,\"enabled\":1,\"parentId\":\"\",\"fields\":[]}', '2016-02-02 12:26:34', '2016-02-02 12:26:34', '2a627ec0-088c-41c5-9c39-5ae317616e51'),
 ('13', '9', '4', '1', 'cs', '1', '', '{\"typeId\":null,\"authorId\":\"1\",\"title\":\"Store Line Z\",\"slug\":\"store-line-z\",\"postDate\":1454416007,\"expiryDate\":null,\"enabled\":1,\"parentId\":\"\",\"fields\":[]}', '2016-02-02 12:26:48', '2016-02-02 12:26:48', '5f597a43-29d1-499c-977a-5fb0f2e1b9f2'),
 ('14', '10', '4', '1', 'cs', '1', '', '{\"typeId\":null,\"authorId\":\"1\",\"title\":\"R\\u00e1my\",\"slug\":\"r\\u00e1my\",\"postDate\":1454416025,\"expiryDate\":null,\"enabled\":1,\"parentId\":\"\",\"fields\":[]}', '2016-02-02 12:27:05', '2016-02-02 12:27:05', '6dbdc7ff-1bab-4190-aaaf-0f97d7b202d3'),
 ('15', '11', '4', '1', 'cs', '1', '', '{\"typeId\":null,\"authorId\":\"1\",\"title\":\"Typ C3\",\"slug\":\"typ-c3\",\"postDate\":1454416038,\"expiryDate\":null,\"enabled\":1,\"parentId\":\"\",\"fields\":[]}', '2016-02-02 12:27:18', '2016-02-02 12:27:18', 'faf2bd29-c5c5-4c8d-881e-d27b9e4a9c9f'),
 ('16', '12', '4', '1', 'cs', '1', '', '{\"typeId\":null,\"authorId\":\"1\",\"title\":\"Typ E3\",\"slug\":\"typ-e3\",\"postDate\":1454416050,\"expiryDate\":null,\"enabled\":1,\"parentId\":\"\",\"fields\":[]}', '2016-02-02 12:27:30', '2016-02-02 12:27:30', '8c93eef8-bbfd-4879-9d76-eb4a2aa727a3'),
 ('17', '13', '4', '1', 'cs', '1', '', '{\"typeId\":null,\"authorId\":\"1\",\"title\":\"Typ M3\",\"slug\":\"typ-m3\",\"postDate\":1454416061,\"expiryDate\":null,\"enabled\":1,\"parentId\":\"\",\"fields\":[]}', '2016-02-02 12:27:41', '2016-02-02 12:27:41', 'c69c58b1-b3de-475e-970e-dfb061c17c5d'),
 ('18', '14', '4', '1', 'cs', '1', '', '{\"typeId\":null,\"authorId\":\"1\",\"title\":\"Plo\\u0161n\\u00e9 prvky\",\"slug\":\"plo\\u0161n\\u00e9-prvky\",\"postDate\":1454416083,\"expiryDate\":null,\"enabled\":1,\"parentId\":\"\",\"fields\":[]}', '2016-02-02 12:28:03', '2016-02-02 12:28:03', 'b46b9193-6d91-49ec-9536-0e416da69527'),
 ('19', '15', '4', '1', 'cs', '1', '', '{\"typeId\":null,\"authorId\":\"1\",\"title\":\"Strop a st\\u0159echa\",\"slug\":\"strop-a-st\\u0159echa\",\"postDate\":1454416094,\"expiryDate\":null,\"enabled\":1,\"parentId\":\"\",\"fields\":[]}', '2016-02-02 12:28:14', '2016-02-02 12:28:14', '0d3fac5b-7e16-415e-88d7-49e52ea0e200'),
 ('20', '16', '4', '1', 'cs', '1', '', '{\"typeId\":null,\"authorId\":\"1\",\"title\":\"Podlaha\",\"slug\":\"podlaha\",\"postDate\":1454416109,\"expiryDate\":null,\"enabled\":1,\"parentId\":\"\",\"fields\":[]}', '2016-02-02 12:28:29', '2016-02-02 12:28:29', '5760bda4-0d04-437f-bccc-5e63164715ff'),
 ('21', '17', '4', '1', 'cs', '1', '', '{\"typeId\":null,\"authorId\":\"1\",\"title\":\"St\\u011bny\",\"slug\":\"st\\u011bny\",\"postDate\":1454416126,\"expiryDate\":null,\"enabled\":1,\"parentId\":\"\",\"fields\":[]}', '2016-02-02 12:28:46', '2016-02-02 12:28:46', '2b412e5a-9341-463a-82f9-18ffcc69430b'),
 ('22', '18', '4', '1', 'cs', '1', '', '{\"typeId\":null,\"authorId\":\"1\",\"title\":\"P\\u0159\\u00ed\\u010dky\",\"slug\":\"p\\u0159\\u00ed\\u010dky\",\"postDate\":1454416140,\"expiryDate\":null,\"enabled\":1,\"parentId\":\"\",\"fields\":[]}', '2016-02-02 12:29:00', '2016-02-02 12:29:00', '58bd7d82-eb5c-42f6-8c52-0e8bfd760834'),
 ('23', '19', '4', '1', 'cs', '1', '', '{\"typeId\":null,\"authorId\":\"1\",\"title\":\"Povrchy\",\"slug\":\"povrchy\",\"postDate\":1454416162,\"expiryDate\":null,\"enabled\":1,\"parentId\":\"\",\"fields\":[]}', '2016-02-02 12:29:22', '2016-02-02 12:29:22', '4e878510-f61d-42a9-9a31-8df40dcd0120'),
 ('24', '20', '4', '1', 'cs', '1', '', '{\"typeId\":null,\"authorId\":\"1\",\"title\":\"Podlahov\\u00e9 krytiny\",\"slug\":\"podlahov\\u00e9-krytiny\",\"postDate\":1454416174,\"expiryDate\":null,\"enabled\":1,\"parentId\":\"\",\"fields\":[]}', '2016-02-02 12:29:35', '2016-02-02 12:29:35', 'ae2b7409-80c2-4992-9020-9fbe44f493cd'),
 ('25', '21', '4', '1', 'cs', '1', '', '{\"typeId\":null,\"authorId\":\"1\",\"title\":\"Dla\\u017eby\",\"slug\":\"dla\\u017eby\",\"postDate\":1454416188,\"expiryDate\":null,\"enabled\":1,\"parentId\":\"\",\"fields\":[]}', '2016-02-02 12:29:48', '2016-02-02 12:29:48', '06b0bf7b-6efb-4a5f-9986-ca72c4ffad54'),
 ('26', '22', '4', '1', 'cs', '1', '', '{\"typeId\":null,\"authorId\":\"1\",\"title\":\"Obklady\",\"slug\":\"obklady\",\"postDate\":1454416210,\"expiryDate\":null,\"enabled\":1,\"parentId\":\"19\",\"fields\":[]}', '2016-02-02 12:30:10', '2016-02-02 12:30:10', '15f66ed8-a024-4609-a911-e7456b18769a'),
 ('27', '23', '4', '1', 'cs', '1', '', '{\"typeId\":null,\"authorId\":\"1\",\"title\":\"N\\u00e1t\\u011bry a n\\u00e1st\\u0159iky\",\"slug\":\"n\\u00e1t\\u011bry-a-n\\u00e1st\\u0159iky\",\"postDate\":1454416226,\"expiryDate\":null,\"enabled\":1,\"parentId\":\"\",\"fields\":[]}', '2016-02-02 12:30:27', '2016-02-02 12:30:27', '2a36d0a5-53bc-4f6b-bcd1-c3d6cbae072c'),
 ('28', '24', '4', '1', 'cs', '1', '', '{\"typeId\":null,\"authorId\":\"1\",\"title\":\"Fas\\u00e1dn\\u00ed syst\\u00e9my\",\"slug\":\"fas\\u00e1dn\\u00ed-syst\\u00e9my\",\"postDate\":1454416242,\"expiryDate\":null,\"enabled\":1,\"parentId\":\"\",\"fields\":[]}', '2016-02-02 12:30:43', '2016-02-02 12:30:43', 'e4163d4f-f498-4b93-929b-3fdc103e4d5c'),
 ('29', '25', '4', '1', 'cs', '1', '', '{\"typeId\":null,\"authorId\":\"1\",\"title\":\"Vodorovn\\u00fd trap\\u00e9zov\\u00fd plech\",\"slug\":\"vodorovn\\u00fd-trap\\u00e9zov\\u00fd-plech\",\"postDate\":1454416263,\"expiryDate\":null,\"enabled\":1,\"parentId\":\"\",\"fields\":[]}', '2016-02-02 12:31:04', '2016-02-02 12:31:04', '1b2a5e12-99ab-4141-bb4f-99f1d563a886'),
 ('30', '26', '4', '1', 'cs', '1', '', '{\"typeId\":null,\"authorId\":\"1\",\"title\":\"Vysokotlak\\u00fd lamin\\u00e1t\",\"slug\":\"vysokotlak\\u00fd-lamin\\u00e1t\",\"postDate\":1454416300,\"expiryDate\":null,\"enabled\":1,\"parentId\":\"24\",\"fields\":[]}', '2016-02-02 12:31:40', '2016-02-02 12:31:40', '9f85cb38-a21b-40a6-8e69-9150423d6d7a'),
 ('31', '27', '4', '1', 'cs', '1', '', '{\"typeId\":null,\"authorId\":\"1\",\"title\":\"Zateplovac\\u00ed syst\\u00e9m s om\\u00edtkou\",\"slug\":\"zateplovac\\u00ed-syst\\u00e9m-s-om\\u00edtkou\",\"postDate\":1454416313,\"expiryDate\":null,\"enabled\":1,\"parentId\":\"24\",\"fields\":[]}', '2016-02-02 12:31:53', '2016-02-02 12:31:53', 'abb55231-7499-4e51-b4f4-3c2fe6b97205'),
 ('32', '28', '4', '1', 'cs', '1', '', '{\"typeId\":null,\"authorId\":\"1\",\"title\":\"Cemento-vl\\u00e1knit\\u00e9 desky\",\"slug\":\"cemento-vl\\u00e1knit\\u00e9-desky\",\"postDate\":1454416321,\"expiryDate\":null,\"enabled\":1,\"parentId\":\"24\",\"fields\":[]}', '2016-02-02 12:32:01', '2016-02-02 12:32:01', 'cd4e4361-20b6-4285-86e4-c789b437961d'),
 ('33', '29', '4', '1', 'cs', '1', '', '{\"typeId\":null,\"authorId\":\"1\",\"title\":\"Bond\",\"slug\":\"bond\",\"postDate\":1454416328,\"expiryDate\":null,\"enabled\":1,\"parentId\":\"24\",\"fields\":[]}', '2016-02-02 12:32:08', '2016-02-02 12:32:08', '0f13a87b-a33e-42d5-b37b-3ec24b826bf4'),
 ('34', '30', '4', '1', 'cs', '1', '', '{\"typeId\":null,\"authorId\":\"1\",\"title\":\"V\\u00fdpln\\u011b otvor\\u016f\",\"slug\":\"v\\u00fdpln\\u011b-otvor\\u016f\",\"postDate\":1454416348,\"expiryDate\":null,\"enabled\":1,\"parentId\":\"\",\"fields\":[]}', '2016-02-02 12:32:28', '2016-02-02 12:32:28', '9ad8b5f3-5c6d-4567-80ae-4fb15ffb6b95'),
 ('35', '31', '4', '1', 'cs', '1', '', '{\"typeId\":null,\"authorId\":\"1\",\"title\":\"Okna\",\"slug\":\"okna\",\"postDate\":1454416385,\"expiryDate\":null,\"enabled\":1,\"parentId\":\"30\",\"fields\":[]}', '2016-02-02 12:33:05', '2016-02-02 12:33:05', '138faff8-d027-4bd3-b4ef-71603e847f95'),
 ('36', '32', '4', '1', 'cs', '1', '', '{\"typeId\":null,\"authorId\":\"1\",\"title\":\"Dve\\u0159e\",\"slug\":\"dve\\u0159e\",\"postDate\":1454416392,\"expiryDate\":null,\"enabled\":1,\"parentId\":\"30\",\"fields\":[]}', '2016-02-02 12:33:12', '2016-02-02 12:33:12', '118b7d9e-af75-4825-8645-f61a785cd842'),
 ('37', '33', '4', '1', 'cs', '1', '', '{\"typeId\":null,\"authorId\":\"1\",\"title\":\"Instalace\",\"slug\":\"instalace\",\"postDate\":1454416410,\"expiryDate\":null,\"enabled\":1,\"parentId\":\"\",\"fields\":[]}', '2016-02-02 12:33:30', '2016-02-02 12:33:30', '72540f84-4593-46be-b779-c0fdc18b630f'),
 ('38', '34', '4', '1', 'cs', '1', '', '{\"typeId\":null,\"authorId\":\"1\",\"title\":\"Elektroinstalace\",\"slug\":\"elektroinstalace\",\"postDate\":1454416432,\"expiryDate\":null,\"enabled\":1,\"parentId\":\"33\",\"fields\":[]}', '2016-02-02 12:33:52', '2016-02-02 12:33:52', '06b2e400-7520-4009-be27-f0c068997af7'),
 ('39', '35', '4', '1', 'cs', '1', '', '{\"typeId\":null,\"authorId\":\"1\",\"title\":\"Z\\u00e1suvky a vyp\\u00edna\\u010de\",\"slug\":\"z\\u00e1suvky-a-vyp\\u00edna\\u010de\",\"postDate\":1454416480,\"expiryDate\":null,\"enabled\":1,\"parentId\":\"34\",\"fields\":[]}', '2016-02-02 12:34:40', '2016-02-02 12:34:40', '6424748e-b2b8-4ecb-8c9f-25f0b4827d8a'),
 ('40', '36', '4', '1', 'cs', '1', '', '{\"typeId\":null,\"authorId\":\"1\",\"title\":\"Kabelov\\u00e9 trasy\",\"slug\":\"kabelov\\u00e9-trasy\",\"postDate\":1454416493,\"expiryDate\":null,\"enabled\":1,\"parentId\":\"34\",\"fields\":[]}', '2016-02-02 12:34:53', '2016-02-02 12:34:53', 'd20313cb-1d3e-4709-a6f0-af9edffec8d2'),
 ('41', '37', '4', '1', 'cs', '1', '', '{\"typeId\":null,\"authorId\":\"1\",\"title\":\"Sv\\u00edtidla\",\"slug\":\"sv\\u00edtidla\",\"postDate\":1454416505,\"expiryDate\":null,\"enabled\":1,\"parentId\":\"34\",\"fields\":[]}', '2016-02-02 12:35:05', '2016-02-02 12:35:05', '303a6f93-fd5b-4b98-8df2-36ebef08bcea'),
 ('42', '38', '4', '1', 'cs', '1', '', '{\"typeId\":null,\"authorId\":\"1\",\"title\":\"Rozvad\\u011b\\u010de\",\"slug\":\"rozvad\\u011b\\u010de\",\"postDate\":1454416514,\"expiryDate\":null,\"enabled\":1,\"parentId\":\"34\",\"fields\":[]}', '2016-02-02 12:35:15', '2016-02-02 12:35:15', 'd5218e67-bf80-4465-b85e-5285d3300b39'),
 ('43', '39', '4', '1', 'cs', '1', '', '{\"typeId\":null,\"authorId\":\"1\",\"title\":\"Elektrick\\u00e1 topidla\",\"slug\":\"elektrick\\u00e1-topidla\",\"postDate\":1454416527,\"expiryDate\":null,\"enabled\":1,\"parentId\":\"34\",\"fields\":[]}', '2016-02-02 12:35:27', '2016-02-02 12:35:27', '93def47b-2b77-499d-a184-8d99ec3f10dc'),
 ('44', '40', '4', '1', 'cs', '1', '', '{\"typeId\":null,\"authorId\":\"1\",\"title\":\"Ventil\\u00e1tory\",\"slug\":\"ventil\\u00e1tory\",\"postDate\":1454416539,\"expiryDate\":null,\"enabled\":1,\"parentId\":\"34\",\"fields\":[]}', '2016-02-02 12:35:39', '2016-02-02 12:35:39', '705abc1f-3479-436c-99ff-127fb6e2d4ca'),
 ('45', '41', '4', '1', 'cs', '1', '', '{\"typeId\":null,\"authorId\":\"1\",\"title\":\"Klimatizace\",\"slug\":\"klimatizace\",\"postDate\":1454416548,\"expiryDate\":null,\"enabled\":1,\"parentId\":\"34\",\"fields\":[]}', '2016-02-02 12:35:48', '2016-02-02 12:35:48', '6ccc8f68-76dd-4ddb-9077-ed1ac0690d6c'),
 ('46', '42', '4', '1', 'cs', '1', '', '{\"typeId\":null,\"authorId\":\"1\",\"title\":\"Sanit\\u00e1rn\\u00ed vybaven\\u00ed\",\"slug\":\"sanit\\u00e1rn\\u00ed-vybaven\\u00ed\",\"postDate\":1454416572,\"expiryDate\":null,\"enabled\":1,\"parentId\":\"33\",\"fields\":[]}', '2016-02-02 12:36:12', '2016-02-02 12:36:12', 'bb69c733-52f5-40ba-af0e-7dd3c3222356'),
 ('47', '43', '4', '1', 'cs', '1', '', '{\"typeId\":null,\"authorId\":\"1\",\"title\":\"Vzduchotechnika\",\"slug\":\"vzduchotechnika\",\"postDate\":1454416582,\"expiryDate\":null,\"enabled\":1,\"parentId\":\"33\",\"fields\":[]}', '2016-02-02 12:36:22', '2016-02-02 12:36:22', '709f52c2-271f-4431-863e-c21768f03156'),
 ('48', '44', '4', '1', 'cs', '1', '', '{\"typeId\":null,\"authorId\":\"1\",\"title\":\"Sanit\\u00e1rn\\u00ed keramika\",\"slug\":\"sanit\\u00e1rn\\u00ed-keramika\",\"postDate\":1454416627,\"expiryDate\":null,\"enabled\":1,\"parentId\":\"42\",\"fields\":[]}', '2016-02-02 12:37:07', '2016-02-02 12:37:07', 'a1647348-b2a7-4da1-b8a8-9bfac2954da4'),
 ('49', '45', '4', '1', 'cs', '1', '', '{\"typeId\":null,\"authorId\":\"1\",\"title\":\"Za\\u0159izovac\\u00ed p\\u0159edm\\u011bty\",\"slug\":\"za\\u0159izovac\\u00ed-p\\u0159edm\\u011bty\",\"postDate\":1454416636,\"expiryDate\":null,\"enabled\":1,\"parentId\":\"42\",\"fields\":[]}', '2016-02-02 12:37:16', '2016-02-02 12:37:16', '52d78bb1-16f8-4851-8f6a-aad78b8fb93a'),
 ('50', '46', '4', '1', 'cs', '1', '', '{\"typeId\":null,\"authorId\":\"1\",\"title\":\"Oh\\u0159\\u00edva\\u010de vody\",\"slug\":\"oh\\u0159\\u00edva\\u010de-vody\",\"postDate\":1454416644,\"expiryDate\":null,\"enabled\":1,\"parentId\":\"42\",\"fields\":[]}', '2016-02-02 12:37:24', '2016-02-02 12:37:24', '36e2c042-6704-4c49-a66a-b764a51fc803'),
 ('51', '47', '4', '1', 'cs', '1', '', '{\"typeId\":null,\"authorId\":\"1\",\"title\":\"Potrun\\u00ed a armatury\",\"slug\":\"potrun\\u00ed-a-armatury\",\"postDate\":1454416653,\"expiryDate\":null,\"enabled\":1,\"parentId\":\"42\",\"fields\":[]}', '2016-02-02 12:37:34', '2016-02-02 12:37:34', '57119a7c-fbd6-46a2-9ddd-3663e4a4ccef'),
 ('52', '48', '4', '1', 'cs', '1', '', '{\"typeId\":null,\"authorId\":\"1\",\"title\":\"P\\u0159\\u00edslu\\u0161enstv\\u00ed\",\"slug\":\"p\\u0159\\u00edslu\\u0161enstv\\u00ed\",\"postDate\":1454416688,\"expiryDate\":null,\"enabled\":1,\"parentId\":\"\",\"fields\":[]}', '2016-02-02 12:38:08', '2016-02-02 12:38:08', '1d68b551-140a-42ef-9e3d-bc725c106559'),
 ('53', '49', '4', '1', 'cs', '1', '', '{\"typeId\":null,\"authorId\":\"1\",\"title\":\"Schodi\\u0161t\\u011b\",\"slug\":\"schodi\\u0161t\\u011b\",\"postDate\":1454416718,\"expiryDate\":null,\"enabled\":1,\"parentId\":\"48\",\"fields\":[]}', '2016-02-02 12:38:38', '2016-02-02 12:38:38', '0d07d432-cbc6-4f80-89a1-e0d14bbc0b14'),
 ('54', '50', '4', '1', 'cs', '1', '', '{\"typeId\":null,\"authorId\":\"1\",\"title\":\"P\\u0159\\u00edst\\u0159e\\u0161ky\",\"slug\":\"p\\u0159\\u00edst\\u0159e\\u0161ky\",\"postDate\":1454416726,\"expiryDate\":null,\"enabled\":1,\"parentId\":\"48\",\"fields\":[]}', '2016-02-02 12:38:46', '2016-02-02 12:38:46', '28588584-145b-4b17-8316-3becc957912d'),
 ('55', '51', '4', '1', 'cs', '1', '', '{\"typeId\":null,\"authorId\":\"1\",\"title\":\"Sekund\\u00e1rn\\u00ed st\\u0159echa\",\"slug\":\"sekund\\u00e1rn\\u00ed-st\\u0159echa\",\"postDate\":1454416735,\"expiryDate\":null,\"enabled\":1,\"parentId\":\"48\",\"fields\":[]}', '2016-02-02 12:38:55', '2016-02-02 12:38:55', '881d4e12-c6f1-4af7-839b-5e5c32bca855'),
 ('56', '52', '4', '1', 'cs', '1', '', '{\"typeId\":null,\"authorId\":\"1\",\"title\":\"Atika\",\"slug\":\"atika\",\"postDate\":1454416742,\"expiryDate\":null,\"enabled\":1,\"parentId\":\"48\",\"fields\":[]}', '2016-02-02 12:39:02', '2016-02-02 12:39:02', '671d0e04-2900-4a79-8be1-02152eb22b61'),
 ('57', '53', '4', '1', 'cs', '1', '', '{\"typeId\":null,\"authorId\":\"1\",\"title\":\"Ulo\\u017een\\u00ed na z\\u00e1klady\",\"slug\":\"ulo\\u017een\\u00ed-na-z\\u00e1klady\",\"postDate\":1454416749,\"expiryDate\":null,\"enabled\":1,\"parentId\":\"48\",\"fields\":[]}', '2016-02-02 12:39:09', '2016-02-02 12:39:09', '7d139cc8-b00c-4595-acac-0d572a2ccf5b'),
 ('58', '2', '1', '1', 'cs', '3', '', '{\"typeId\":null,\"authorId\":null,\"title\":\"HOME Page KATR(u)\",\"slug\":\"homepage\",\"postDate\":1454340104,\"expiryDate\":null,\"enabled\":1,\"parentId\":null,\"fields\":{\"30\":{\"new1\":{\"type\":\"doplnkoveInformace\",\"enabled\":\"1\",\"fields\":{\"infoTitle\":\"Co je KATR\",\"infoBody\":\"<p>KATR je Katalog technick\\u00fdch \\u0159e\\u0161en\\u00ed v\\u00fdrobk\\u016f firmy KOMA MODULAR s.r.o. a objekt\\u016f, kter\\u00e9 jsou sestaveny z t\\u011bchto v\\u00fdrobk\\u016f.<\\/p>\",\"obrazek\":\"\"},\"collapsed\":\"1\"},\"new2\":{\"type\":\"doplnkoveInformace\",\"enabled\":\"1\",\"fields\":{\"infoTitle\":\"Komu je katalog ur\\u010den\",\"infoBody\":\"<p>KATR je prim\\u00e1rn\\u011b ur\\u010den v\\u0161em z\\u00e1jemc\\u016fm o modul\\u00e1rn\\u00ed v\\u00fdstavbu a zam\\u011bstnanc\\u016fm firmy KOMA MODULAR s.r.o.&nbsp; ke snadn\\u00e9 orientaci standardizovan\\u00fdch technick\\u00fdch \\u0159e\\u0161en\\u00ed, kter\\u00e9 jsou odzkou\\u0161en\\u00e9 a promy\\u0161len\\u00e9.<\\/p>\",\"obrazek\":\"\"},\"collapsed\":\"1\"},\"new3\":{\"type\":\"doplnkoveInformace\",\"enabled\":\"1\",\"fields\":{\"infoTitle\":\"V\\u00fdhody standardizovan\\u00fdch \\u0159e\\u0161en\\u00ed\",\"infoBody\":\"<p>Tato technick\\u00e1 \\u0159e\\u0161en\\u00ed zaru\\u010duj\\u00ed na\\u0161im obchodn\\u00edm partner\\u016fm cenov\\u00e9 zv\\u00fdhodn\\u011bn\\u00ed a rychlou realizaci. Tedy pln\\u00e9 vyu\\u017eit\\u00ed v\\u00fdhod modul\\u00e1rn\\u00ed v\\u00fdstavby \\u2013 rychlost, ekonomi\\u010dnost.<\\/p>\",\"obrazek\":\"\"},\"collapsed\":\"1\"},\"new4\":{\"type\":\"doplnkoveInformace\",\"enabled\":\"1\",\"fields\":{\"infoTitle\":\"Atypick\\u00e1 \\u0159e\\u0161en\\u00ed\",\"infoBody\":\"<p>Firma KOMA MODULAR s.r.o.se nebr\\u00e1n\\u00ed atypick\\u00fdm \\u0159e\\u0161en\\u00edm, ale je nutn\\u00e9 si uv\\u011bdomit, \\u017ee tato si vy\\u017e\\u00e1d\\u00e1 del\\u0161\\u00ed \\u010das na technickou p\\u0159\\u00edpravu, odzkou\\u0161en\\u00ed a v\\u00fdrobu, kter\\u00e9 se odraz\\u00ed i ve vy\\u0161\\u0161\\u00ed cen\\u011b kone\\u010dn\\u00e9ho produktu.<\\/p>\",\"obrazek\":\"\"},\"collapsed\":\"1\"}}}}', '2016-02-09 14:24:08', '2016-02-09 14:24:08', '8b44f06f-4277-423e-844f-386fea5a8dcb'),
 ('59', '2', '1', '1', 'cs', '4', '', '{\"typeId\":null,\"authorId\":null,\"title\":\"Katalog technick\\u00fdch \\u0159e\\u0161en\\u00ed\",\"slug\":\"homepage\",\"postDate\":1454340104,\"expiryDate\":null,\"enabled\":1,\"parentId\":null,\"fields\":{\"30\":{\"86\":{\"type\":\"doplnkoveInformace\",\"enabled\":\"1\",\"fields\":{\"infoTitle\":\"Co je KATR\",\"infoBody\":\"<p>KATR je Katalog technick\\u00fdch \\u0159e\\u0161en\\u00ed v\\u00fdrobk\\u016f firmy KOMA MODULAR s.r.o. a objekt\\u016f, kter\\u00e9 jsou sestaveny z t\\u011bchto v\\u00fdrobk\\u016f.<\\/p>\",\"obrazek\":\"\"}},\"87\":{\"type\":\"doplnkoveInformace\",\"enabled\":\"1\",\"fields\":{\"infoTitle\":\"Komu je katalog ur\\u010den\",\"infoBody\":\"<p>KATR je prim\\u00e1rn\\u011b ur\\u010den v\\u0161em z\\u00e1jemc\\u016fm o modul\\u00e1rn\\u00ed v\\u00fdstavbu a zam\\u011bstnanc\\u016fm firmy KOMA MODULAR s.r.o.&nbsp; ke snadn\\u00e9 orientaci standardizovan\\u00fdch technick\\u00fdch \\u0159e\\u0161en\\u00ed, kter\\u00e9 jsou odzkou\\u0161en\\u00e9 a promy\\u0161len\\u00e9.<\\/p>\",\"obrazek\":\"\"}},\"88\":{\"type\":\"doplnkoveInformace\",\"enabled\":\"1\",\"fields\":{\"infoTitle\":\"V\\u00fdhody standardizovan\\u00fdch \\u0159e\\u0161en\\u00ed\",\"infoBody\":\"<p>Tato technick\\u00e1 \\u0159e\\u0161en\\u00ed zaru\\u010duj\\u00ed na\\u0161im obchodn\\u00edm partner\\u016fm cenov\\u00e9 zv\\u00fdhodn\\u011bn\\u00ed a rychlou realizaci. Tedy pln\\u00e9 vyu\\u017eit\\u00ed v\\u00fdhod modul\\u00e1rn\\u00ed v\\u00fdstavby \\u2013 rychlost, ekonomi\\u010dnost.<\\/p>\",\"obrazek\":\"\"}},\"89\":{\"type\":\"doplnkoveInformace\",\"enabled\":\"1\",\"fields\":{\"infoTitle\":\"Atypick\\u00e1 \\u0159e\\u0161en\\u00ed\",\"infoBody\":\"<p>Firma KOMA MODULAR s.r.o.se nebr\\u00e1n\\u00ed atypick\\u00fdm \\u0159e\\u0161en\\u00edm, ale je nutn\\u00e9 si uv\\u011bdomit, \\u017ee tato si vy\\u017e\\u00e1d\\u00e1 del\\u0161\\u00ed \\u010das na technickou p\\u0159\\u00edpravu, odzkou\\u0161en\\u00ed a v\\u00fdrobu, kter\\u00e9 se odraz\\u00ed i ve vy\\u0161\\u0161\\u00ed cen\\u011b kone\\u010dn\\u00e9ho produktu.<\\/p>\",\"obrazek\":\"\"}}}}}', '2016-02-09 14:30:07', '2016-02-09 14:30:07', '64394c7a-a354-4787-bbf2-ae00158a27ce'),
 ('60', '2', '1', '1', 'cs', '5', '', '{\"typeId\":null,\"authorId\":null,\"title\":\"Katalog technick\\u00fdch \\u0159e\\u0161en\\u00ed\",\"slug\":\"homepage\",\"postDate\":1454340104,\"expiryDate\":null,\"enabled\":1,\"parentId\":null,\"fields\":{\"30\":{\"86\":{\"type\":\"doplnkoveInformace\",\"enabled\":\"1\",\"fields\":{\"infoTitle\":\"Co je KATR\",\"infoBody\":\"<p>KATR je Katalog technick\\u00fdch \\u0159e\\u0161en\\u00ed v\\u00fdrobk\\u016f firmy KOMA MODULAR s.r.o. a objekt\\u016f, kter\\u00e9 jsou sestaveny z t\\u011bchto v\\u00fdrobk\\u016f.<\\/p>\",\"obrazek\":\"\"}},\"87\":{\"type\":\"doplnkoveInformace\",\"enabled\":\"1\",\"fields\":{\"infoTitle\":\"Komu je katalog ur\\u010den\",\"infoBody\":\"<p>KATR je prim\\u00e1rn\\u011b ur\\u010den v\\u0161em z\\u00e1jemc\\u016fm o modul\\u00e1rn\\u00ed v\\u00fdstavbu a&nbsp;zam\\u011bstnanc\\u016fm firmy KOMA MODULAR s.r.o.&nbsp; ke snadn\\u00e9 orientaci standardizovan\\u00fdch technick\\u00fdch \\u0159e\\u0161en\\u00ed, kter\\u00e9 jsou odzkou\\u0161en\\u00e9 a promy\\u0161len\\u00e9.<\\/p>\",\"obrazek\":\"\"}},\"88\":{\"type\":\"doplnkoveInformace\",\"enabled\":\"1\",\"fields\":{\"infoTitle\":\"V\\u00fdhody standardizovan\\u00fdch \\u0159e\\u0161en\\u00ed\",\"infoBody\":\"<p>Tato technick\\u00e1 \\u0159e\\u0161en\\u00ed zaru\\u010duj\\u00ed na\\u0161im obchodn\\u00edm partner\\u016fm cenov\\u00e9 zv\\u00fdhodn\\u011bn\\u00ed a rychlou realizaci. Tedy pln\\u00e9 vyu\\u017eit\\u00ed v\\u00fdhod modul\\u00e1rn\\u00ed v\\u00fdstavby \\u2013 rychlost, ekonomi\\u010dnost.<\\/p>\",\"obrazek\":\"\"}},\"89\":{\"type\":\"doplnkoveInformace\",\"enabled\":\"1\",\"fields\":{\"infoTitle\":\"Atypick\\u00e1 \\u0159e\\u0161en\\u00ed\",\"infoBody\":\"<p>Firma KOMA MODULAR s.r.o.se nebr\\u00e1n\\u00ed atypick\\u00fdm \\u0159e\\u0161en\\u00edm, ale je nutn\\u00e9 si uv\\u011bdomit, \\u017ee tato si vy\\u017e\\u00e1d\\u00e1 del\\u0161\\u00ed \\u010das na technickou p\\u0159\\u00edpravu, odzkou\\u0161en\\u00ed a v\\u00fdrobu, kter\\u00e9 se odraz\\u00ed i ve vy\\u0161\\u0161\\u00ed cen\\u011b kone\\u010dn\\u00e9ho produktu.<\\/p>\",\"obrazek\":\"\"}}}}}', '2016-02-09 14:33:19', '2016-02-09 14:33:19', 'f858e62c-5607-49ac-a3d9-0f2f10f5c75f'),
 ('61', '2', '1', '1', 'cs', '6', '', '{\"typeId\":null,\"authorId\":null,\"title\":\"Katalog technick\\u00fdch \\u0159e\\u0161en\\u00ed\",\"slug\":\"homepage\",\"postDate\":1454340104,\"expiryDate\":null,\"enabled\":1,\"parentId\":null,\"fields\":{\"30\":{\"86\":{\"type\":\"doplnkoveInformace\",\"enabled\":\"1\",\"fields\":{\"infoTitle\":\"Co je KATR\",\"infoBody\":\"<p>KATR je Katalog technick\\u00fdch \\u0159e\\u0161en\\u00ed v\\u00fdrobk\\u016f firmy KOMA MODULAR s.r.o. a objekt\\u016f, kter\\u00e9 jsou sestaveny z t\\u011bchto v\\u00fdrobk\\u016f.<\\/p>\",\"obrazek\":\"\"}},\"87\":{\"type\":\"doplnkoveInformace\",\"enabled\":\"1\",\"fields\":{\"infoTitle\":\"Komu je katalog ur\\u010den\",\"infoBody\":\"<p>KATR je prim\\u00e1rn\\u011b ur\\u010den v\\u0161em z\\u00e1jemc\\u016fm o modul\\u00e1rn\\u00ed v\\u00fdstavbu a&nbsp;zam\\u011bstnanc\\u016fm firmy KOMA MODULAR s.&nbsp;r.&nbsp;o.&nbsp; ke snadn\\u00e9 orientaci standardizovan\\u00fdch technick\\u00fdch \\u0159e\\u0161en\\u00ed, kter\\u00e9 jsou odzkou\\u0161en\\u00e9 a&nbsp;promy\\u0161len\\u00e9.<\\/p>\",\"obrazek\":\"\"}},\"88\":{\"type\":\"doplnkoveInformace\",\"enabled\":\"1\",\"fields\":{\"infoTitle\":\"V\\u00fdhody standardizovan\\u00fdch \\u0159e\\u0161en\\u00ed\",\"infoBody\":\"<p>Tato technick\\u00e1 \\u0159e\\u0161en\\u00ed zaru\\u010duj\\u00ed na\\u0161im obchodn\\u00edm partner\\u016fm cenov\\u00e9 zv\\u00fdhodn\\u011bn\\u00ed a&nbsp;rychlou realizaci. Tedy pln\\u00e9 vyu\\u017eit\\u00ed v\\u00fdhod modul\\u00e1rn\\u00ed v\\u00fdstavby \\u2013 rychlost, ekonomi\\u010dnost.<\\/p>\",\"obrazek\":\"\"}},\"89\":{\"type\":\"doplnkoveInformace\",\"enabled\":\"1\",\"fields\":{\"infoTitle\":\"Atypick\\u00e1 \\u0159e\\u0161en\\u00ed\",\"infoBody\":\"<p>Firma KOMA MODULAR s.r.o.se nebr\\u00e1n\\u00ed atypick\\u00fdm \\u0159e\\u0161en\\u00edm, ale je nutn\\u00e9 si uv\\u011bdomit, \\u017ee tato si vy\\u017e\\u00e1d\\u00e1 del\\u0161\\u00ed \\u010das na technickou p\\u0159\\u00edpravu, odzkou\\u0161en\\u00ed a v\\u00fdrobu, kter\\u00e9 se odraz\\u00ed i&nbsp;ve&nbsp;vy\\u0161\\u0161\\u00ed cen\\u011b kone\\u010dn\\u00e9ho produktu.<\\/p>\",\"obrazek\":\"\"}}}}}', '2016-02-09 14:34:06', '2016-02-09 14:34:06', 'fc80907a-99f5-42d5-a595-5940577d0557'),
 ('62', '2', '1', '1', 'cs', '7', '', '{\"typeId\":null,\"authorId\":null,\"title\":\"Katalog technick\\u00fdch \\u0159e\\u0161en\\u00ed\",\"slug\":\"homepage\",\"postDate\":1454340104,\"expiryDate\":null,\"enabled\":1,\"parentId\":null,\"fields\":{\"30\":{\"86\":{\"type\":\"doplnkoveInformace\",\"enabled\":\"1\",\"fields\":{\"infoTitle\":\"Co je KATR\",\"infoBody\":\"<p>KATR je Katalog technick\\u00fdch \\u0159e\\u0161en\\u00ed v\\u00fdrobk\\u016f firmy KOMA MODULAR s.r.o. a objekt\\u016f, kter\\u00e9 jsou sestaveny z t\\u011bchto v\\u00fdrobk\\u016f.<\\/p>\",\"obrazek\":\"\"}},\"87\":{\"type\":\"doplnkoveInformace\",\"enabled\":\"1\",\"fields\":{\"infoTitle\":\"Komu je katalog ur\\u010den\",\"infoBody\":\"<p>KATR je prim\\u00e1rn\\u011b ur\\u010den v\\u0161em z\\u00e1jemc\\u016fm o modul\\u00e1rn\\u00ed v\\u00fdstavbu a&nbsp;zam\\u011bstnanc\\u016fm firmy KOMA MODULAR s.&nbsp;r.&nbsp;o.&nbsp; ke snadn\\u00e9 orientaci standardizovan\\u00fdch technick\\u00fdch \\u0159e\\u0161en\\u00ed, kter\\u00e9 jsou odzkou\\u0161en\\u00e9 a&nbsp;promy\\u0161len\\u00e9.<\\/p>\",\"obrazek\":\"\"}},\"88\":{\"type\":\"doplnkoveInformace\",\"enabled\":\"1\",\"fields\":{\"infoTitle\":\"V\\u00fdhody standardizovan\\u00fdch \\u0159e\\u0161en\\u00ed\",\"infoBody\":\"<p>Tato technick\\u00e1 \\u0159e\\u0161en\\u00ed zaru\\u010duj\\u00ed na\\u0161im obchodn\\u00edm partner\\u016fm cenov\\u00e9 zv\\u00fdhodn\\u011bn\\u00ed a&nbsp;rychlou realizaci. Tedy pln\\u00e9 vyu\\u017eit\\u00ed v\\u00fdhod modul\\u00e1rn\\u00ed v\\u00fdstavby \\u2013 rychlost, ekonomi\\u010dnost.<\\/p>\",\"obrazek\":\"\"}},\"89\":{\"type\":\"doplnkoveInformace\",\"enabled\":\"1\",\"fields\":{\"infoTitle\":\"Atypick\\u00e1 \\u0159e\\u0161en\\u00ed\",\"infoBody\":\"<p>Firma KOMA MODULAR s.r.o.se nebr\\u00e1n\\u00ed atypick\\u00fdm \\u0159e\\u0161en\\u00edm, ale je nutn\\u00e9 si uv\\u011bdomit, \\u017ee tato si vy\\u017e\\u00e1d\\u00e1 del\\u0161\\u00ed \\u010das na technickou p\\u0159\\u00edpravu, odzkou\\u0161en\\u00ed a&nbsp;v\\u00fdrobu, kter\\u00e9 se odraz\\u00ed i&nbsp;ve&nbsp;vy\\u0161\\u0161\\u00ed cen\\u011b kone\\u010dn\\u00e9ho produktu.<\\/p>\",\"obrazek\":\"\"}}}}}', '2016-02-09 14:34:34', '2016-02-09 14:34:34', '085f01e7-0cc7-4f94-90dd-f813f741629e'),
 ('63', '6', '4', '1', 'cs', '2', '', '{\"typeId\":\"4\",\"authorId\":\"1\",\"title\":\"Standard Line  C3\",\"slug\":\"standard-line-c3\",\"postDate\":1454415900,\"expiryDate\":null,\"enabled\":1,\"parentId\":\"5\",\"fields\":{\"1\":\"<h3>N\\u00edzkoenergetick\\u00e9 modul\\u00e1rn\\u00ed domy ComfortLine<\\/h3><p>Kdy\\u017e se zept\\u00e1te spokojen\\u00fdch majitel\\u016f modul\\u00e1rn\\u00edch staveb, co na nich nejv\\u00edce oce\\u0148uj\\u00ed, odpov\\u00ed v\\u00e1m jasn\\u011b. Tyto stavby jsou bezkonkuren\\u010dn\\u011b mobiln\\u00ed, \\u0161et\\u0159\\u00ed pen\\u00edze, \\u010das i p\\u0159\\u00edrodu. N\\u011bkter\\u00e9 n\\u00edzkoenergetick\\u00e9 domy skute\\u010dn\\u011b poskytuj\\u00ed velkou \\u00fasporu oproti standardn\\u00edm dom\\u016fm - a to zejm\\u00e9na d\\u00edky \\u0161etrn\\u00fdm, ekologick\\u00fdm a ekonomick\\u00fdm zp\\u016fsob\\u016fm vyt\\u00e1p\\u011bn\\u00ed a perfektn\\u00edmu zateplen\\u00ed fas\\u00e1dy, st\\u0159echy a podlahy s minimalizac\\u00ed tepeln\\u00fdch most\\u016f.<\\/p>\\r\\n\\r\\n<h4>Moduly spln\\u00ed i nejn\\u00e1ro\\u010dn\\u011bj\\u0161\\u00ed p\\u0159\\u00e1n\\u00ed<\\/h4><p>Tak\\u00e9 jste v\\u017edycky snili o tom, \\u017ee si nech\\u00e1te zkostruovat stavbu p\\u0159esn\\u011b podle va\\u0161ich p\\u0159edstav? Modul\\u00e1rn\\u00ed domy ud\\u011blaj\\u00ed ze snu skute\\u010dnost. Poskytuj\\u00ed toti\\u017e ohromnou variabilitu, d\\u00edky kter\\u00e9 se staly okam\\u017eit\\u011b mil\\u00e1\\u010dkem t\\u011bch nejn\\u00e1ro\\u010dn\\u011bj\\u0161\\u00edch klient\\u016f. V modul\\u00e1rn\\u00edm dom\\u011b m\\u016f\\u017eete uskute\\u010dnit sv\\u00e9 podnikatelsk\\u00e9 pl\\u00e1ny, modul\\u00e1rn\\u00ed domy se s \\u00fasp\\u011bchem uplat\\u0148uj\\u00ed ve \\u0161kolstv\\u00ed, ale i jako domovy pro seniory a v neposledn\\u00ed \\u0159ad\\u011b uspokoj\\u00ed modern\\u00ed p\\u0159edstavy o bydlen\\u00ed.<\\/p>\\r\\n\\r\\n\\r\\n\\r\\n<h4>Fas\\u00e1da m\\u016f\\u017ee b\\u00fdt futuristick\\u00e1 i p\\u0159\\u00edrodn\\u00ed<\\/h4><p>Za\\u010dn\\u011bme t\\u0159eba u fas\\u00e1dy. Vyb\\u00edrat m\\u016f\\u017eete z mnoha typ\\u016f r\\u016fzn\\u00fdch obkladov\\u00fdch materi\\u00e1l\\u016f r\\u016fzn\\u00fdch vlastnost\\u00ed. N\\u011bkte\\u0159\\u00ed lid\\u00e9 vol\\u00ed t\\u0159eba supermodern\\u00ed, futuristick\\u00e9 obklady, kter\\u00e9 daj\\u00ed objektu punc sci-fi. Dal\\u0161\\u00ed z\\u00e1kazn\\u00edci pak z\\u016fst\\u00e1vaj\\u00ed p\\u0159i zemi a rad\\u011bji up\\u0159ednost\\u0148uj\\u00ed p\\u0159\\u00edrodn\\u00ed a decentn\\u00ed materi\\u00e1ly, d\\u00edky kter\\u00fdm modul\\u00e1rn\\u00ed stavby l\\u00e9pe zapadnou do krajiny. Fantazii se opravdu meze nekladou. V\\u0161e z\\u00e1vis\\u00ed na architektovi, jak pochop\\u00ed p\\u0159\\u00e1n\\u00ed investora a skloub\\u00ed s m\\u00edstem, kde se pl\\u00e1nuje budouc\\u00ed stavba um\\u00edstit.<\\/p>\\r\\n\\r\\n\\r\\n\\r\\n<h4>V\\u00e1\\u0161 d\\u016fm m\\u016f\\u017ee m\\u00edt obrovskou sklen\\u011bnou st\\u011bnu<\\/h4><p>Fantazie ov\\u0161em m\\u016f\\u017ee z\\u016fstat ve h\\u0159e i pot\\u00e9, co vyberete fas\\u00e1du. Vn\\u011bj\\u0161\\u00ed podobu objektu samoz\\u0159ejm\\u011b tvo\\u0159\\u00ed i okna a dve\\u0159e. Jejich rozm\\u00edst\\u011bn\\u00ed a velikost je op\\u011bt jen a jen na v\\u00e1s. Modul\\u00e1rn\\u00ed d\\u016fm m\\u016f\\u017ee m\\u00edt mal\\u00e1 okna, ale i obrovsk\\u00e9 sklen\\u011bn\\u00e9 st\\u011bny, kter\\u00e9 do objektu pust\\u00ed maximum slune\\u010dn\\u00edch paprsk\\u016f.<\\/p>\\r\\n\\r\\n\\r\\n\\r\\n<h4>Mnoho podob interi\\u00e9ru<\\/h4><p>\\u0158e\\u0161en\\u00ed samotn\\u00e9ho interi\\u00e9ru je pak op\\u011bt na v\\u00e1s, modul\\u00e1rn\\u00ed domy poskytuj\\u00ed prostor pro koupelnu, kuchy\\u0148, kancel\\u00e1\\u0159sk\\u00e9 i spole\\u010densk\\u00e9 prostory. Jejich podobu ur\\u010d\\u00edte jedin\\u011b vy. Mnoho podob m\\u016f\\u017ee m\\u00edt i vnit\\u0159n\\u00ed obklad nebo podlahy. Chcete keramick\\u00fd obklad v koupeln\\u011b a betonovou podlahu v kancel\\u00e1\\u0159i? Nen\\u00ed probl\\u00e9m. Neobvyklou podobu cel\\u00e9ho prostoru m\\u016f\\u017eou nav\\u00edc klidn\\u011b umocnit krbov\\u00e1 kamna. Stejn\\u00e9 interi\\u00e9rov\\u00e9 povrchy podlah a st\\u011bn jako jsou pou\\u017e\\u00edv\\u00e1ny p\\u0159i standardn\\u00ed v\\u00fdstavb\\u011b, m\\u016f\\u017eete pou\\u017e\\u00edt i v modul\\u00e1rn\\u00ed v\\u00fdstavb\\u011b.<\\/p>\\r\\n\\r\\n\\r\\n\\r\\n<h4>K realizaci modulov\\u00e9ho domu p\\u0159izv\\u011bte odborn\\u00edky.<\\/h4><p>Ke stavb\\u011b modulov\\u00fdch dom\\u016f rozhodn\\u011b p\\u0159izv\\u011bte odbornou a renomovanou firmu. Objekt objedn\\u00e1te, do n\\u011bkolika m\\u011bs\\u00edc\\u016f v\\u00e1m ho vyrob\\u00ed a vlastn\\u00ed stavba bude trvat doslova p\\u00e1r dn\\u00ed. Pokud chcete p\\u0159i stavb\\u011b nov\\u00e9 restaurace nebo kancel\\u00e1\\u0159sk\\u00e9ho objektu u\\u0161et\\u0159it \\u010das, pen\\u00edze i nervy, rozhodn\\u011bte se pro modul\\u00e1rn\\u00ed v\\u00fdstavbu.<\\/p>\",\"22\":[\"90\"],\"18\":\"\",\"30\":{\"new1\":{\"type\":\"doplnkoveInformace\",\"enabled\":\"1\",\"fields\":{\"infoTitle\":\"\",\"infoBody\":\"\",\"obrazek\":\"\"}}},\"17\":\"\",\"23\":\"\",\"6\":\"\"}}', '2016-02-10 16:36:20', '2016-02-10 16:36:20', 'd705c821-1c58-4af5-9a91-aeea303446ad'),
 ('64', '6', '4', '1', 'cs', '3', '', '{\"typeId\":\"4\",\"authorId\":\"1\",\"title\":\"Standard Line  C3\",\"slug\":\"standard-line-c3\",\"postDate\":1454415900,\"expiryDate\":null,\"enabled\":1,\"parentId\":\"5\",\"fields\":{\"1\":\"<h3><\\/h3>\",\"22\":[\"90\"],\"18\":\"\",\"30\":{\"91\":{\"type\":\"doplnkoveInformace\",\"enabled\":\"1\",\"fields\":{\"infoTitle\":\"\",\"infoBody\":\"\",\"obrazek\":\"\"}}},\"17\":\"\",\"23\":\"\",\"6\":\"\"}}', '2016-02-10 16:36:51', '2016-02-10 16:36:51', '06a77928-b947-4567-b50a-4babb2eb7b64'),
 ('65', '8', '4', '1', 'cs', '2', '', '{\"typeId\":\"4\",\"authorId\":\"1\",\"title\":\"Comfort Line M3\",\"slug\":\"comfort-line-m3\",\"postDate\":1454415960,\"expiryDate\":null,\"enabled\":1,\"parentId\":\"5\",\"fields\":{\"1\":\"<p>N\\u00edzkoenergetick\\u00e9 modul\\u00e1rn\\u00ed domy ComfortLine<\\/p>\\r\\n\\r\\n<p>Kdy\\u017e se zept\\u00e1te spokojen\\u00fdch majitel\\u016f modul\\u00e1rn\\u00edch staveb, co na nich nejv\\u00edce oce\\u0148uj\\u00ed, odpov\\u00ed v\\u00e1m jasn\\u011b. Tyto stavby jsou bezkonkuren\\u010dn\\u011b mobiln\\u00ed, \\u0161et\\u0159\\u00ed pen\\u00edze, \\u010das i p\\u0159\\u00edrodu. N\\u011bkter\\u00e9 n\\u00edzkoenergetick\\u00e9 domy skute\\u010dn\\u011b poskytuj\\u00ed velkou \\u00fasporu oproti standardn\\u00edm dom\\u016fm - a to zejm\\u00e9na d\\u00edky \\u0161etrn\\u00fdm, ekologick\\u00fdm a ekonomick\\u00fdm zp\\u016fsob\\u016fm vyt\\u00e1p\\u011bn\\u00ed a perfektn\\u00edmu zateplen\\u00ed fas\\u00e1dy, st\\u0159echy a podlahy s minimalizac\\u00ed tepeln\\u00fdch most\\u016f.<\\/p>\\r\\n\\r\\n<h4>Moduly spln\\u00ed i nejn\\u00e1ro\\u010dn\\u011bj\\u0161\\u00ed p\\u0159\\u00e1n\\u00ed<\\/h4>\\r\\n\\r\\n<p>Tak\\u00e9 jste v\\u017edycky snili o tom, \\u017ee si nech\\u00e1te zkostruovat stavbu p\\u0159esn\\u011b podle va\\u0161ich p\\u0159edstav? Modul\\u00e1rn\\u00ed domy ud\\u011blaj\\u00ed ze snu skute\\u010dnost. Poskytuj\\u00ed toti\\u017e ohromnou variabilitu, d\\u00edky kter\\u00e9 se staly okam\\u017eit\\u011b mil\\u00e1\\u010dkem t\\u011bch nejn\\u00e1ro\\u010dn\\u011bj\\u0161\\u00edch klient\\u016f. V modul\\u00e1rn\\u00edm dom\\u011b m\\u016f\\u017eete uskute\\u010dnit sv\\u00e9 podnikatelsk\\u00e9 pl\\u00e1ny, modul\\u00e1rn\\u00ed domy se s \\u00fasp\\u011bchem uplat\\u0148uj\\u00ed ve \\u0161kolstv\\u00ed, ale i jako domovy pro seniory a v neposledn\\u00ed \\u0159ad\\u011b uspokoj\\u00ed modern\\u00ed p\\u0159edstavy o bydlen\\u00ed.<\\/p>\\r\\n\\r\\n<h4>Fas\\u00e1da m\\u016f\\u017ee b\\u00fdt futuristick\\u00e1 i p\\u0159\\u00edrodn\\u00ed<\\/h4>\\r\\n\\r\\n<p>Za\\u010dn\\u011bme t\\u0159eba u fas\\u00e1dy. Vyb\\u00edrat m\\u016f\\u017eete z mnoha typ\\u016f r\\u016fzn\\u00fdch obkladov\\u00fdch materi\\u00e1l\\u016f r\\u016fzn\\u00fdch vlastnost\\u00ed. N\\u011bkte\\u0159\\u00ed lid\\u00e9 vol\\u00ed t\\u0159eba supermodern\\u00ed, futuristick\\u00e9 obklady, kter\\u00e9 daj\\u00ed objektu punc sci-fi. Dal\\u0161\\u00ed z\\u00e1kazn\\u00edci pak z\\u016fst\\u00e1vaj\\u00ed p\\u0159i zemi a rad\\u011bji up\\u0159ednost\\u0148uj\\u00ed p\\u0159\\u00edrodn\\u00ed a decentn\\u00ed materi\\u00e1ly, d\\u00edky kter\\u00fdm modul\\u00e1rn\\u00ed stavby l\\u00e9pe zapadnou do krajiny. Fantazii se opravdu meze nekladou. V\\u0161e z\\u00e1vis\\u00ed na architektovi, jak pochop\\u00ed p\\u0159\\u00e1n\\u00ed investora a skloub\\u00ed s m\\u00edstem, kde se pl\\u00e1nuje budouc\\u00ed stavba um\\u00edstit.<\\/p>\\r\\n\\r\\n<h4>V\\u00e1\\u0161 d\\u016fm m\\u016f\\u017ee m\\u00edt obrovskou sklen\\u011bnou st\\u011bnu<\\/h4>\\r\\n\\r\\n<p>Fantazie ov\\u0161em m\\u016f\\u017ee z\\u016fstat ve h\\u0159e i pot\\u00e9, co vyberete fas\\u00e1du. Vn\\u011bj\\u0161\\u00ed podobu objektu samoz\\u0159ejm\\u011b tvo\\u0159\\u00ed i okna a dve\\u0159e. Jejich rozm\\u00edst\\u011bn\\u00ed a velikost je op\\u011bt jen a jen na v\\u00e1s. Modul\\u00e1rn\\u00ed d\\u016fm m\\u016f\\u017ee m\\u00edt mal\\u00e1 okna, ale i obrovsk\\u00e9 sklen\\u011bn\\u00e9 st\\u011bny, kter\\u00e9 do objektu pust\\u00ed maximum slune\\u010dn\\u00edch paprsk\\u016f.<\\/p>\\r\\n\\r\\n<h4>Mnoho podob interi\\u00e9ru<\\/h4>\\r\\n\\r\\n<p>\\u0158e\\u0161en\\u00ed samotn\\u00e9ho interi\\u00e9ru je pak op\\u011bt na v\\u00e1s, modul\\u00e1rn\\u00ed domy poskytuj\\u00ed prostor pro koupelnu, kuchy\\u0148, kancel\\u00e1\\u0159sk\\u00e9 i spole\\u010densk\\u00e9 prostory. Jejich podobu ur\\u010d\\u00edte jedin\\u011b vy. Mnoho podob m\\u016f\\u017ee m\\u00edt i vnit\\u0159n\\u00ed obklad nebo podlahy. Chcete keramick\\u00fd obklad v koupeln\\u011b a betonovou podlahu v kancel\\u00e1\\u0159i? Nen\\u00ed probl\\u00e9m. Neobvyklou podobu cel\\u00e9ho prostoru m\\u016f\\u017eou nav\\u00edc klidn\\u011b umocnit krbov\\u00e1 kamna. Stejn\\u00e9 interi\\u00e9rov\\u00e9 povrchy podlah a st\\u011bn jako jsou pou\\u017e\\u00edv\\u00e1ny p\\u0159i standardn\\u00ed v\\u00fdstavb\\u011b, m\\u016f\\u017eete pou\\u017e\\u00edt i v modul\\u00e1rn\\u00ed v\\u00fdstavb\\u011b.<\\/p>\\r\\n\\r\\n<h4>K realizaci modulov\\u00e9ho domu p\\u0159izv\\u011bte odborn\\u00edky.<\\/h4>\\r\\n\\r\\n<p>Ke stavb\\u011b modulov\\u00fdch dom\\u016f rozhodn\\u011b p\\u0159izv\\u011bte odbornou a renomovanou firmu. Objekt objedn\\u00e1te, do n\\u011bkolika m\\u011bs\\u00edc\\u016f v\\u00e1m ho vyrob\\u00ed a vlastn\\u00ed stavba bude trvat doslova p\\u00e1r dn\\u00ed. Pokud chcete p\\u0159i stavb\\u011b nov\\u00e9 restaurace nebo kancel\\u00e1\\u0159sk\\u00e9ho objektu u\\u0161et\\u0159it \\u010das, pen\\u00edze i nervy, rozhodn\\u011bte se pro modul\\u00e1rn\\u00ed v\\u00fdstavbu.<\\/p>\",\"22\":[\"90\"],\"18\":\"\",\"30\":\"\",\"17\":\"\",\"23\":\"\",\"6\":\"\"}}', '2016-02-10 16:37:45', '2016-02-10 16:37:45', 'd158d8b4-6faa-4ef6-a753-d401397a8c55'),
 ('66', '6', '4', '1', 'cs', '4', '', '{\"typeId\":\"4\",\"authorId\":\"1\",\"title\":\"Standard Line  C3\",\"slug\":\"standard-line-c3\",\"postDate\":1454415900,\"expiryDate\":null,\"enabled\":1,\"parentId\":\"5\",\"fields\":{\"1\":\"\",\"22\":\"\",\"18\":\"\",\"30\":{\"91\":{\"type\":\"doplnkoveInformace\",\"enabled\":\"1\",\"fields\":{\"infoTitle\":\"\",\"infoBody\":\"\",\"obrazek\":\"\"}}},\"17\":\"\",\"23\":\"\",\"6\":\"\"}}', '2016-02-10 16:38:04', '2016-02-10 16:38:04', '14d36bf2-077e-4fd0-a17e-4b863422f29a'),
 ('67', '92', '4', '1', 'cs', '1', '', '{\"typeId\":null,\"authorId\":\"1\",\"title\":\"Obytn\\u00e9 kontejnery C3L\",\"slug\":\"obytn\\u00e9-kontejnery-c3l\",\"postDate\":1455122321,\"expiryDate\":null,\"enabled\":1,\"parentId\":\"\",\"fields\":{\"1\":\"\",\"22\":\"\",\"18\":\"\",\"30\":\"\",\"17\":\"\",\"23\":\"\",\"6\":\"\"}}', '2016-02-10 16:38:41', '2016-02-10 16:38:41', 'f95cf5d9-78b0-4eb0-8114-8d67b08ca5b8'),
 ('68', '93', '4', '1', 'cs', '1', '', '{\"typeId\":null,\"authorId\":\"1\",\"title\":\"Sanit\\u00e1rn\\u00ed kontejnery C3S\",\"slug\":\"sanit\\u00e1rn\\u00ed-kontejnery-c3s\",\"postDate\":1455122369,\"expiryDate\":null,\"enabled\":1,\"parentId\":\"6\",\"fields\":{\"1\":\"\",\"22\":\"\",\"18\":\"\",\"30\":\"\",\"17\":\"\",\"23\":\"\",\"6\":\"\"}}', '2016-02-10 16:39:30', '2016-02-10 16:39:30', '719eb13b-477d-4279-864c-74bee8b5f4a0'),
 ('69', '94', '4', '1', 'cs', '1', '', '{\"typeId\":null,\"authorId\":\"1\",\"title\":\"Variabiln\\u00ed kontejnery C3V\",\"slug\":\"variabiln\\u00ed-kontejnery-c3v\",\"postDate\":1455122388,\"expiryDate\":null,\"enabled\":1,\"parentId\":\"\",\"fields\":{\"1\":\"\",\"22\":\"\",\"18\":\"\",\"30\":\"\",\"17\":\"\",\"23\":\"\",\"6\":\"\"}}', '2016-02-10 16:39:48', '2016-02-10 16:39:48', '29bdadf9-e560-469b-9405-f46ca200f426'),
 ('70', '95', '4', '1', 'cs', '1', '', '{\"typeId\":null,\"authorId\":\"1\",\"title\":\"Variabiln\\u00ed skladateln\\u00e9 kontejnery C3VF\",\"slug\":\"variabiln\\u00ed-skladateln\\u00e9-kontejnery-c3vf\",\"postDate\":1455122432,\"expiryDate\":null,\"enabled\":1,\"parentId\":\"6\",\"fields\":{\"1\":\"\",\"22\":\"\",\"18\":\"\",\"30\":\"\",\"17\":\"\",\"23\":\"\",\"6\":\"\"}}', '2016-02-10 16:40:32', '2016-02-10 16:40:32', '715fb355-3070-4937-9e59-1d5d7426ee2f'),
 ('71', '7', '4', '1', 'cs', '2', '', '{\"typeId\":\"4\",\"authorId\":\"1\",\"title\":\"Economic Line E3\",\"slug\":\"economic-line-e3\",\"postDate\":1454415960,\"expiryDate\":null,\"enabled\":1,\"parentId\":\"5\",\"fields\":{\"1\":\"<h2>Unimo bu\\u0148ky, stavebn\\u00ed bu\\u0148ky<\\/h2>\\r\\n\\r\\n<p>A\\u0165 u\\u017e chcete postavit kancel\\u00e1\\u0159, \\u0161atnu nebo sklad, speci\\u00e1ln\\u00ed unimo bu\\u0148ky jsou jasn\\u00fdm \\u0159e\\u0161en\\u00edm. Unimo bu\\u0148ka je skladn\\u00e1, snadno p\\u0159em\\u00edstiteln\\u00e1 a poskytuje komfort, kter\\u00fd v\\u00e1s mo\\u017en\\u00e1 p\\u0159ekvap\\u00ed. Stavebn\\u00ed bu\\u0148ky nezat\\u00ed\\u017e\\u00ed va\\u0161i pen\\u011b\\u017eenku a jejich instalace je \\u010dasov\\u011b skute\\u010dn\\u011b nen\\u00e1ro\\u010dn\\u00e1. Poskytne V\\u00e1m to, co pot\\u0159ebujete - zateplen\\u00fd p\\u0159\\u00edst\\u0159e\\u0161ek nad hlavou, do kter\\u00e9ho nezat\\u00e9k\\u00e1.<\\/p>\\r\\n\\r\\n<h3>Rychle ubytujete t\\u0159eba d\\u011bln\\u00edky na stavb\\u011b<\\/h3>\\r\\n\\r\\n<p>Unimo bu\\u0148ky jsou v\\u0161ak schopn\\u00e9 uspokojit n\\u00e1ro\\u010dn\\u00e9 po\\u017eadavky. Pokud pot\\u0159ebujete rychle ubytovat t\\u0159eba d\\u011bln\\u00edky na stavb\\u011b nebo zajistit mobiln\\u00ed kancel\\u00e1\\u0159sk\\u00e9 prostory, nem\\u016f\\u017eete vybrat l\\u00e9pe. Vyberete si design i velikost bu\\u0148ky, podle v\\u00e1s odborn\\u00ed pracovn\\u00edci vybav\\u00ed i vnit\\u0159ek bu\\u0148ky. V nab\\u00eddce jsou tak\\u00e9 r\\u016fzn\\u00e9 typy zateplen\\u00ed.<\\/p>\\r\\n\\r\\n\\r\\n\\r\\n\\r\\n\\r\\n<h3>Bu\\u0148ku m\\u016f\\u017eete kamkoliv odv\\u00e9zt<\\/h3>\\r\\n\\r\\n<p>Unimo bu\\u0148ka \\u010di stavebn\\u00ed bu\\u0148ka nemus\\u00ed na sv\\u00e9m m\\u00edst\\u011b rozhodn\\u011b st\\u00e1t na v\\u011b\\u010dn\\u00e9 \\u010dasy. S pomoc\\u00ed je\\u0159\\u00e1bu ji p\\u0159em\\u00edst\\u00edte kamkoliv, je mo\\u017en\\u00e9 ji tak\\u00e9 nalo\\u017eit a odv\\u00e9zt pry\\u010d. Bu\\u0148ku si samoz\\u0159ejm\\u011b m\\u016f\\u017eete koupit na inzer\\u00e1t. Pokud ale chcete nejvy\\u0161\\u0161\\u00ed kvalitu, v inzer\\u00e1tech typu \\u201eprod\\u00e1m stavebn\\u00ed bu\\u0148ku\\\" nehledejte. Spolehn\\u011bte se rad\\u011bji na zku\\u0161enou a renomovanou firmu, kter\\u00e1 v\\u00e1m va\\u0161\\u00ed bu\\u0148ku perfektn\\u011b vybav\\u00ed a doprav\\u00ed kamkoliv.<\\/p>\\r\\n\\r\\n\\r\\n\\r\\n\\r\\n\\r\\n<p>Stavebn\\u00ed bu\\u0148ky? Prodej realizuj\\u00ed nejl\\u00e9pe zku\\u0161en\\u00e9 a odborn\\u00e9 firmy.<\\/p>\",\"22\":[\"96\"],\"18\":\"\",\"30\":{\"new1\":{\"type\":\"doplnkoveInformace\",\"enabled\":\"1\",\"fields\":{\"infoTitle\":\"Pom\\u00e1h\\u00e1me lidem v nouzi\",\"infoBody\":\"<p>Nav\\u00edc na\\u0161e \\u0159e\\u0161en\\u00ed umo\\u017e\\u0148uje rozebr\\u00e1n\\u00ed bu\\u0148ky nebo dod\\u00e1n\\u00ed v jednotliv\\u00fdch elementech. Mont\\u00e1\\u017e obytn\\u00fdch a sanit\\u00e1rn\\u00edch bun\\u011bk tak lze prov\\u00e1d\\u011bt bez pou\\u017eit\\u00ed je\\u0159\\u00e1bu. Z t\\u011bchto d\\u016fvod\\u016f m\\u016f\\u017eeme jednotliv\\u00e9 elementy na\\u0161ich obytn\\u00fdch a sanit\\u00e1rn\\u00edch bun\\u011bk p\\u0159epravovat ekonomicky v lodn\\u00edch kontejnerech na kter\\u00e9ko-li m\\u00edsto na sv\\u011bt\\u011b. V jednom dvacetistop\\u00e9m n\\u00e1mo\\u0159n\\u00edm kontejneru lze p\\u0159epravit elementy a\\u017e pro 8 obytn\\u00fdch ekonomick\\u00fdch bun\\u011bk. Pomoc\\u00ed na\\u0161ich bun\\u011bk EconomicLine pom\\u00e1h\\u00e1me tak lidem, kte\\u0159\\u00ed se ocitli bez p\\u0159\\u00edst\\u0159e\\u0161\\u00ed d\\u00edky p\\u0159\\u00edrodn\\u00edm nebo vojensk\\u00fdm katastrof\\u00e1m. <a href=\\\"http:\\/\\/www.koma-modular.cz\\/humanitarni-projekty\\\" target=\\\"_blank\\\">V\\u00edce o humanit\\u00e1rn\\u00edch \\u0159e\\u0161en\\u00ed se do\\u010dtete na na\\u0161ich firemn\\u00ed str\\u00e1nk\\u00e1ch.<\\/a><\\/p>\",\"obrazek\":\"\"}}},\"17\":\"\",\"23\":\"\",\"6\":\"\"}}', '2016-02-10 16:44:41', '2016-02-10 16:44:41', 'ba493b55-537b-4946-8025-4be3a6b59897'),
 ('72', '7', '4', '1', 'cs', '3', '', '{\"typeId\":\"4\",\"authorId\":\"1\",\"title\":\"Economic Line E3\",\"slug\":\"economic-line-e3\",\"postDate\":1454415960,\"expiryDate\":null,\"enabled\":1,\"parentId\":\"5\",\"fields\":{\"1\":\"<h2>Unimo bu\\u0148ky, stavebn\\u00ed bu\\u0148ky<\\/h2>\\r\\n\\r\\n<p>A\\u0165 u\\u017e chcete postavit kancel\\u00e1\\u0159, \\u0161atnu nebo sklad, speci\\u00e1ln\\u00ed unimo bu\\u0148ky jsou jasn\\u00fdm \\u0159e\\u0161en\\u00edm. Unimo bu\\u0148ka je skladn\\u00e1, snadno p\\u0159em\\u00edstiteln\\u00e1 a poskytuje komfort, kter\\u00fd v\\u00e1s mo\\u017en\\u00e1 p\\u0159ekvap\\u00ed. Stavebn\\u00ed bu\\u0148ky nezat\\u00ed\\u017e\\u00ed va\\u0161i pen\\u011b\\u017eenku a jejich instalace je \\u010dasov\\u011b skute\\u010dn\\u011b nen\\u00e1ro\\u010dn\\u00e1. Poskytne V\\u00e1m to, co pot\\u0159ebujete - zateplen\\u00fd p\\u0159\\u00edst\\u0159e\\u0161ek nad hlavou, do kter\\u00e9ho nezat\\u00e9k\\u00e1.<\\/p>\\r\\n\\r\\n\\r\\n\\r\\n<h3>Rychle ubytujete t\\u0159eba d\\u011bln\\u00edky na stavb\\u011b<\\/h3>\\r\\n\\r\\n\\r\\n\\r\\n<p>Unimo bu\\u0148ky jsou v\\u0161ak schopn\\u00e9 uspokojit n\\u00e1ro\\u010dn\\u00e9 po\\u017eadavky. Pokud pot\\u0159ebujete rychle ubytovat t\\u0159eba d\\u011bln\\u00edky na stavb\\u011b nebo zajistit mobiln\\u00ed kancel\\u00e1\\u0159sk\\u00e9 prostory, nem\\u016f\\u017eete vybrat l\\u00e9pe. Vyberete si design i velikost bu\\u0148ky, podle v\\u00e1s odborn\\u00ed pracovn\\u00edci vybav\\u00ed i vnit\\u0159ek bu\\u0148ky. V nab\\u00eddce jsou tak\\u00e9 r\\u016fzn\\u00e9 typy zateplen\\u00ed.<\\/p>\\r\\n\\r\\n\\r\\n\\r\\n\\r\\n\\r\\n\\r\\n\\r\\n<h3>Bu\\u0148ku m\\u016f\\u017eete kamkoliv odv\\u00e9zt<\\/h3>\\r\\n\\r\\n\\r\\n\\r\\n<p>Unimo bu\\u0148ka \\u010di stavebn\\u00ed bu\\u0148ka nemus\\u00ed na sv\\u00e9m m\\u00edst\\u011b rozhodn\\u011b st\\u00e1t na v\\u011b\\u010dn\\u00e9 \\u010dasy. S pomoc\\u00ed je\\u0159\\u00e1bu ji p\\u0159em\\u00edst\\u00edte kamkoliv, je mo\\u017en\\u00e9 ji tak\\u00e9 nalo\\u017eit a odv\\u00e9zt pry\\u010d. Bu\\u0148ku si samoz\\u0159ejm\\u011b m\\u016f\\u017eete koupit na inzer\\u00e1t. Pokud ale chcete nejvy\\u0161\\u0161\\u00ed kvalitu, v inzer\\u00e1tech typu \\u201eprod\\u00e1m stavebn\\u00ed bu\\u0148ku\\\" nehledejte. Spolehn\\u011bte se rad\\u011bji na zku\\u0161enou a renomovanou firmu, kter\\u00e1 v\\u00e1m va\\u0161\\u00ed bu\\u0148ku perfektn\\u011b vybav\\u00ed a doprav\\u00ed kamkoliv.<\\/p>\\r\\n\\r\\n\\r\\n\\r\\n\\r\\n\\r\\n\\r\\n\\r\\n<p>Stavebn\\u00ed bu\\u0148ky? Prodej realizuj\\u00ed nejl\\u00e9pe zku\\u0161en\\u00e9 a odborn\\u00e9 firmy.<\\/p>\",\"22\":[\"96\"],\"18\":\"\",\"30\":{\"97\":{\"type\":\"doplnkoveInformace\",\"enabled\":\"1\",\"fields\":{\"infoTitle\":\"Pom\\u00e1h\\u00e1me lidem v nouzi\",\"infoBody\":\"<p>Nav\\u00edc na\\u0161e \\u0159e\\u0161en\\u00ed umo\\u017e\\u0148uje rozebr\\u00e1n\\u00ed bu\\u0148ky nebo dod\\u00e1n\\u00ed v jednotliv\\u00fdch elementech. Mont\\u00e1\\u017e obytn\\u00fdch a sanit\\u00e1rn\\u00edch bun\\u011bk tak lze prov\\u00e1d\\u011bt bez pou\\u017eit\\u00ed je\\u0159\\u00e1bu. Z t\\u011bchto d\\u016fvod\\u016f m\\u016f\\u017eeme jednotliv\\u00e9 elementy na\\u0161ich obytn\\u00fdch a sanit\\u00e1rn\\u00edch bun\\u011bk p\\u0159epravovat ekonomicky v lodn\\u00edch kontejnerech na kter\\u00e9ko-li m\\u00edsto na sv\\u011bt\\u011b. V jednom dvacetistop\\u00e9m n\\u00e1mo\\u0159n\\u00edm kontejneru lze p\\u0159epravit elementy a\\u017e pro 8 obytn\\u00fdch ekonomick\\u00fdch bun\\u011bk. Pomoc\\u00ed na\\u0161ich bun\\u011bk EconomicLine pom\\u00e1h\\u00e1me tak lidem, kte\\u0159\\u00ed se ocitli bez p\\u0159\\u00edst\\u0159e\\u0161\\u00ed d\\u00edky p\\u0159\\u00edrodn\\u00edm nebo vojensk\\u00fdm katastrof\\u00e1m. <a href=\\\"http:\\/\\/www.koma-modular.cz\\/humanitarni-projekty\\\" target=\\\"_blank\\\">V\\u00edce o humanit\\u00e1rn\\u00edch \\u0159e\\u0161en\\u00ed se do\\u010dtete na na\\u0161ich firemn\\u00ed str\\u00e1nk\\u00e1ch.<\\/a><\\/p>\",\"obrazek\":\"\"}}},\"17\":\"\",\"23\":\"\",\"6\":\"\"}}', '2016-02-10 16:44:46', '2016-02-10 16:44:46', 'dac95c97-2187-4138-ac1b-b8bf15d851fa');



DROP TABLE IF EXISTS `katr_fieldgroups`;


--
-- Schema for table `katr_fieldgroups`
--
CREATE TABLE `katr_fieldgroups` (
  `id` int(11) NOT NULL AUTO_INCREMENT,
  `name` varchar(255) COLLATE utf8_unicode_ci NOT NULL,
  `dateCreated` datetime NOT NULL,
  `dateUpdated` datetime NOT NULL,
  `uid` char(36) COLLATE utf8_unicode_ci NOT NULL DEFAULT '0',
  PRIMARY KEY (`id`),
  UNIQUE KEY `katr_fieldgroups_name_unq_idx` (`name`)
) ENGINE=InnoDB AUTO_INCREMENT=8 DEFAULT CHARSET=utf8 COLLATE=utf8_unicode_ci;

--
-- Data for table `katr_fieldgroups`
--

INSERT INTO `katr_fieldgroups` (`id`, `name`, `dateCreated`, `dateUpdated`, `uid`) VALUES
 ('1', 'Default', '2016-02-01 15:21:44', '2016-02-01 15:21:44', '0327b815-328a-45b8-bfe5-8960e93e6b03'),
 ('2', 'Zobrazení taxonomie', '2016-02-02 12:43:06', '2016-02-02 12:43:06', '7322ef0f-b99b-449d-bc30-9a2872ef5e39'),
 ('3', 'Rozměry, knihovny štítků (taxonomie)', '2016-02-06 11:05:34', '2016-02-06 13:59:34', 'bd0559d1-93cb-4a72-8904-f10c61a9b38e'),
 ('4', 'Média', '2016-02-06 13:23:30', '2016-02-06 13:23:30', 'c19e3b0b-65c3-45db-8cc1-e4c908fdd879'),
 ('5', 'Schémata a dokumenty ke stažení', '2016-02-06 13:32:19', '2016-02-06 13:32:19', 'cd102433-114a-4af0-9daa-0a2dedcfe4bb'),
 ('6', 'Doplňkové informace', '2016-02-06 14:11:08', '2016-02-06 14:13:46', '0293aa87-5cf0-49b1-a363-a2f93377b1ee'),
 ('7', 'Odkazy', '2016-02-09 13:56:55', '2016-02-09 13:56:55', 'ee49a903-a9b8-41e4-ac86-a710cd4942e5');



DROP TABLE IF EXISTS `katr_fieldlayoutfields`;


--
-- Schema for table `katr_fieldlayoutfields`
--
CREATE TABLE `katr_fieldlayoutfields` (
  `id` int(11) NOT NULL AUTO_INCREMENT,
  `layoutId` int(11) NOT NULL,
  `tabId` int(11) NOT NULL,
  `fieldId` int(11) NOT NULL,
  `required` tinyint(1) unsigned NOT NULL DEFAULT '0',
  `sortOrder` tinyint(4) DEFAULT NULL,
  `dateCreated` datetime NOT NULL,
  `dateUpdated` datetime NOT NULL,
  `uid` char(36) COLLATE utf8_unicode_ci NOT NULL DEFAULT '0',
  PRIMARY KEY (`id`),
  UNIQUE KEY `katr_fieldlayoutfields_layoutId_fieldId_unq_idx` (`layoutId`,`fieldId`),
  KEY `katr_fieldlayoutfields_sortOrder_idx` (`sortOrder`),
  KEY `katr_fieldlayoutfields_tabId_fk` (`tabId`),
  KEY `katr_fieldlayoutfields_fieldId_fk` (`fieldId`)
) ENGINE=InnoDB AUTO_INCREMENT=215 DEFAULT CHARSET=utf8 COLLATE=utf8_unicode_ci;

--
-- Data for table `katr_fieldlayoutfields`
--

INSERT INTO `katr_fieldlayoutfields` (`id`, `layoutId`, `tabId`, `fieldId`, `required`, `sortOrder`, `dateCreated`, `dateUpdated`, `uid`) VALUES
 ('2', '5', '2', '1', '1', '1', '2016-02-01 15:21:44', '2016-02-01 15:21:44', '61e3ada2-f31b-4604-b5e1-6272a4ead0ad'),
 ('4', '8', '3', '1', '0', '1', '2016-02-01 16:56:58', '2016-02-01 16:56:58', 'b77c70ba-bed5-4eb2-a746-119c58bb2396'),
 ('5', '19', '4', '3', '0', '1', '2016-02-02 12:44:11', '2016-02-02 12:44:11', 'd5b2db72-b1ee-4457-b1b6-03b81ed88b3e'),
 ('6', '20', '5', '4', '0', '1', '2016-02-02 12:48:07', '2016-02-02 12:48:07', 'b260369b-6244-4826-905a-f1bdc8d4ed6d'),
 ('141', '47', '45', '24', '1', '1', '2016-02-06 14:09:18', '2016-02-06 14:09:18', '738d24c5-7f12-4bbd-8eb4-e9af0746b7a1'),
 ('142', '47', '45', '25', '0', '2', '2016-02-06 14:09:18', '2016-02-06 14:09:18', 'e91d0fde-64ab-4b3c-b87d-196495fa13cf'),
 ('143', '47', '45', '26', '0', '3', '2016-02-06 14:09:18', '2016-02-06 14:09:18', 'ed199ac6-f158-48b1-a295-6d0b83ff5f5b'),
 ('144', '47', '45', '27', '0', '4', '2016-02-06 14:09:18', '2016-02-06 14:09:18', 'fa8a15f5-5e6d-468e-ab30-d6d9bce715ff'),
 ('145', '48', '46', '19', '1', '1', '2016-02-06 14:09:40', '2016-02-06 14:09:40', '1716d566-91b5-435d-a506-f286e901d517'),
 ('146', '48', '46', '20', '0', '2', '2016-02-06 14:09:40', '2016-02-06 14:09:40', '49b2c7d1-bb8e-411f-ba2f-405be3c8ce9b'),
 ('147', '48', '46', '21', '0', '3', '2016-02-06 14:09:40', '2016-02-06 14:09:40', '70ece2f4-a95f-4ce2-a83e-e503b880fc83'),
 ('148', '49', '47', '31', '0', '1', '2016-02-06 14:13:01', '2016-02-06 14:13:01', '34aaa20e-f8c1-4901-960d-9c959c43ffd4'),
 ('149', '49', '47', '32', '0', '2', '2016-02-06 14:13:01', '2016-02-06 14:13:01', '7359f6d9-f3f4-4309-ae88-baefba3367dc'),
 ('150', '49', '47', '33', '0', '3', '2016-02-06 14:13:01', '2016-02-06 14:13:01', '88759e50-fcd4-4617-9f3a-d27fd6c2e832'),
 ('169', '52', '56', '16', '0', '1', '2016-02-06 14:14:44', '2016-02-06 14:14:44', '4d5f4a58-f772-4623-bda9-a86cd7f331f6'),
 ('170', '52', '56', '7', '0', '2', '2016-02-06 14:14:44', '2016-02-06 14:14:44', '0d74f9e0-85b0-429e-b50c-3951a3708c98'),
 ('171', '52', '56', '6', '0', '3', '2016-02-06 14:14:44', '2016-02-06 14:14:44', '3d650f8d-fa2f-470a-bbf4-990d83e1da2d'),
 ('172', '52', '56', '15', '0', '4', '2016-02-06 14:14:44', '2016-02-06 14:14:44', '3f669f39-8dab-4f86-b463-9660dec5b350'),
 ('173', '52', '56', '28', '0', '5', '2016-02-06 14:14:44', '2016-02-06 14:14:44', '20840495-0a61-48cf-a2fe-97c475b00dcd'),
 ('174', '52', '56', '29', '0', '6', '2016-02-06 14:14:44', '2016-02-06 14:14:44', 'bbc09cf2-8351-4295-8d66-10a9b854086e'),
 ('175', '52', '56', '1', '0', '7', '2016-02-06 14:14:44', '2016-02-06 14:14:44', 'a68e0049-d9ad-476b-a086-af58a9162d24'),
 ('176', '52', '57', '8', '0', '1', '2016-02-06 14:14:44', '2016-02-06 14:14:44', 'a90669d2-296e-4e28-bc5b-db78cbc363f9'),
 ('177', '52', '57', '9', '0', '2', '2016-02-06 14:14:44', '2016-02-06 14:14:44', 'eb5560bb-557a-49c0-a767-0b08f601cd31'),
 ('178', '52', '57', '10', '0', '3', '2016-02-06 14:14:44', '2016-02-06 14:14:44', '920a6244-0491-4295-90f5-057eb23b2a26'),
 ('179', '52', '57', '11', '0', '4', '2016-02-06 14:14:44', '2016-02-06 14:14:44', '40f4d1c5-006a-4181-a8e2-884a069b8198'),
 ('180', '52', '57', '12', '0', '5', '2016-02-06 14:14:44', '2016-02-06 14:14:44', 'c94cf02d-2f35-4ee0-aa56-3b56004d7a3a'),
 ('181', '52', '57', '14', '0', '6', '2016-02-06 14:14:44', '2016-02-06 14:14:44', 'a2495c9c-8c3f-4520-bdaa-a9b6d69a30aa'),
 ('182', '52', '58', '17', '0', '1', '2016-02-06 14:14:44', '2016-02-06 14:14:44', '66b1667f-c5cc-44d6-b14a-fa446631c539'),
 ('183', '52', '58', '18', '0', '2', '2016-02-06 14:14:44', '2016-02-06 14:14:44', '73328233-de8a-4b91-b681-37c28d8380dc'),
 ('184', '52', '59', '22', '0', '1', '2016-02-06 14:14:44', '2016-02-06 14:14:44', '0c7feae5-1a1e-4ed7-87f3-50ab3e874d47'),
 ('185', '52', '59', '23', '0', '2', '2016-02-06 14:14:44', '2016-02-06 14:14:44', '4480d15b-ec91-4536-8cad-72ef7dcb1339'),
 ('186', '52', '60', '30', '0', '1', '2016-02-06 14:14:44', '2016-02-06 14:14:44', '1d6c25d8-3c27-4865-8eb1-0a8487e5a532'),
 ('195', '54', '65', '6', '0', '1', '2016-02-08 17:26:13', '2016-02-08 17:26:13', '75b47d3e-9e85-4305-8c65-fafa079d2d98'),
 ('196', '54', '65', '1', '0', '2', '2016-02-08 17:26:13', '2016-02-08 17:26:13', 'e5a135ff-34a0-42fd-868b-df30d7b56b55'),
 ('197', '54', '66', '17', '0', '1', '2016-02-08 17:26:13', '2016-02-08 17:26:13', '54283bd2-cec8-4857-933f-ccb31df15b75'),
 ('198', '54', '66', '18', '0', '2', '2016-02-08 17:26:13', '2016-02-08 17:26:13', '2d47c0dd-ca90-4cc4-9add-70437af007e5'),
 ('199', '54', '67', '22', '0', '1', '2016-02-08 17:26:13', '2016-02-08 17:26:13', 'a4ffafd3-0ed2-4a22-96bc-181cade49429'),
 ('200', '54', '67', '23', '0', '2', '2016-02-08 17:26:13', '2016-02-08 17:26:13', '650c1fda-dec6-46fe-97cd-8e559067578d'),
 ('201', '54', '68', '30', '0', '1', '2016-02-08 17:26:13', '2016-02-08 17:26:13', '200d2c11-ce87-45ff-aa7a-9f5983ccc5f9'),
 ('205', '59', '71', '34', '0', '1', '2016-02-09 13:59:38', '2016-02-09 13:59:38', 'a53e8e86-c38b-4ac9-805a-9524786ac1c0'),
 ('206', '60', '72', '35', '0', '1', '2016-02-09 14:11:59', '2016-02-09 14:11:59', '211de8ac-7398-4853-b8e7-354fb776a86c'),
 ('207', '60', '72', '36', '0', '2', '2016-02-09 14:11:59', '2016-02-09 14:11:59', 'a8e95e74-a558-45f7-857d-b8f60343414b'),
 ('208', '60', '72', '37', '0', '3', '2016-02-09 14:11:59', '2016-02-09 14:11:59', '68759a2a-c687-4ef6-b56e-6e2eb9a81c97'),
 ('212', '64', '76', '1', '0', '1', '2016-02-09 14:17:31', '2016-02-09 14:17:31', 'fe88cfe7-9e4a-455c-8920-4850089b3135'),
 ('213', '64', '76', '30', '0', '2', '2016-02-09 14:17:31', '2016-02-09 14:17:31', 'a46bc4c9-9bf0-4f50-a2ab-a3911d0264d1'),
 ('214', '65', '77', '30', '0', '1', '2016-02-09 14:21:25', '2016-02-09 14:21:25', '12a9732e-d85d-4291-9478-36f6aef4b03c');



DROP TABLE IF EXISTS `katr_fieldlayouts`;


--
-- Schema for table `katr_fieldlayouts`
--
CREATE TABLE `katr_fieldlayouts` (
  `id` int(11) NOT NULL AUTO_INCREMENT,
  `type` varchar(150) COLLATE utf8_unicode_ci NOT NULL,
  `dateCreated` datetime NOT NULL,
  `dateUpdated` datetime NOT NULL,
  `uid` char(36) COLLATE utf8_unicode_ci NOT NULL DEFAULT '0',
  PRIMARY KEY (`id`),
  KEY `katr_fieldlayouts_type_idx` (`type`)
) ENGINE=InnoDB AUTO_INCREMENT=66 DEFAULT CHARSET=utf8 COLLATE=utf8_unicode_ci;

--
-- Data for table `katr_fieldlayouts`
--

INSERT INTO `katr_fieldlayouts` (`id`, `type`, `dateCreated`, `dateUpdated`, `uid`) VALUES
 ('5', 'Entry', '2016-02-01 15:21:44', '2016-02-01 15:21:44', '124b35f2-c637-42cd-8411-be494499f18e'),
 ('8', 'Entry', '2016-02-01 16:56:58', '2016-02-01 16:56:58', 'db83dbd2-4c44-401e-9d9c-724372231ec0'),
 ('9', 'Category', '2016-02-02 12:14:29', '2016-02-02 12:14:29', '84d75e11-6a67-4934-8dbd-9969e58b9608'),
 ('11', 'Entry', '2016-02-02 12:16:40', '2016-02-02 12:16:40', 'c34a9ac8-3209-407b-b487-4a0afbb82b25'),
 ('14', 'Category', '2016-02-02 12:22:32', '2016-02-02 12:22:32', 'b44ff207-3f43-49b7-a440-57fc63e3c10d'),
 ('15', 'Category', '2016-02-02 12:22:54', '2016-02-02 12:22:54', 'd61347fa-b911-4797-bb30-67f593094e03'),
 ('16', 'Category', '2016-02-02 12:24:01', '2016-02-02 12:24:01', 'e167ada7-63c7-493a-86f6-d8b7d1e293f1'),
 ('19', 'Category', '2016-02-02 12:44:11', '2016-02-02 12:44:11', 'ca568dbc-0cbe-4efb-8740-caeb4e7bb43e'),
 ('20', 'Category', '2016-02-02 12:48:07', '2016-02-02 12:48:07', '90dd89bd-a7d4-4ea6-a871-8e9be30f3fe1'),
 ('26', 'Asset', '2016-02-03 10:40:28', '2016-02-03 10:40:28', '06a860d2-65bb-4e97-9b4d-e6c01068134d'),
 ('27', 'Asset', '2016-02-03 10:42:04', '2016-02-03 10:42:04', '38ab7d00-2090-4b63-96fe-ab89bd2c41b0'),
 ('39', 'Asset', '2016-02-06 13:38:40', '2016-02-06 13:38:40', 'beca313c-6422-4295-8ffa-48d6283764b3'),
 ('47', 'MatrixBlock', '2016-02-06 14:09:18', '2016-02-06 14:09:18', 'd1644b79-98f3-4178-a010-c8e1cfa6e4bb'),
 ('48', 'MatrixBlock', '2016-02-06 14:09:40', '2016-02-06 14:09:40', 'cdc5d658-35cb-4b84-8fe6-caf0aeb71f21'),
 ('49', 'MatrixBlock', '2016-02-06 14:13:01', '2016-02-06 14:13:01', '87ef8e70-790d-414b-a901-800b0c63ccce'),
 ('52', 'Entry', '2016-02-06 14:14:44', '2016-02-06 14:14:44', '5f7bca2d-7a2e-40df-88e9-c240486e8877'),
 ('54', 'Entry', '2016-02-08 17:26:13', '2016-02-08 17:26:13', '0fc41114-7be5-4c37-afda-5eaeac6511c3'),
 ('59', 'GlobalSet', '2016-02-09 13:59:38', '2016-02-09 13:59:38', '029dacaf-7323-4dea-93a8-39ab98a021dd'),
 ('60', 'MatrixBlock', '2016-02-09 14:11:59', '2016-02-09 14:11:59', '24f3d985-1e7e-418c-8488-47dfcd5549d5'),
 ('64', 'GlobalSet', '2016-02-09 14:17:31', '2016-02-09 14:17:31', '511c20b5-0555-4f70-bf8d-eca91320c39f'),
 ('65', 'Entry', '2016-02-09 14:21:25', '2016-02-09 14:21:25', '0ffc9c12-2855-45e7-818a-91c82520e7d1');



DROP TABLE IF EXISTS `katr_fieldlayouttabs`;


--
-- Schema for table `katr_fieldlayouttabs`
--
CREATE TABLE `katr_fieldlayouttabs` (
  `id` int(11) NOT NULL AUTO_INCREMENT,
  `layoutId` int(11) NOT NULL,
  `name` varchar(255) COLLATE utf8_unicode_ci NOT NULL,
  `sortOrder` tinyint(4) DEFAULT NULL,
  `dateCreated` datetime NOT NULL,
  `dateUpdated` datetime NOT NULL,
  `uid` char(36) COLLATE utf8_unicode_ci NOT NULL DEFAULT '0',
  PRIMARY KEY (`id`),
  KEY `katr_fieldlayouttabs_sortOrder_idx` (`sortOrder`),
  KEY `katr_fieldlayouttabs_layoutId_fk` (`layoutId`)
) ENGINE=InnoDB AUTO_INCREMENT=78 DEFAULT CHARSET=utf8 COLLATE=utf8_unicode_ci;

--
-- Data for table `katr_fieldlayouttabs`
--

INSERT INTO `katr_fieldlayouttabs` (`id`, `layoutId`, `name`, `sortOrder`, `dateCreated`, `dateUpdated`, `uid`) VALUES
 ('2', '5', 'Content', '1', '2016-02-01 15:21:44', '2016-02-01 15:21:44', '46786d0d-728c-44a3-b84c-1108860c815e'),
 ('3', '8', 'Default', '1', '2016-02-01 16:56:58', '2016-02-01 16:56:58', '84c89ce1-c298-495b-b5fe-fa20b42f0d99'),
 ('4', '19', 'Zobrazení taxonomie', '1', '2016-02-02 12:44:11', '2016-02-02 12:44:11', '475c5fb3-3440-482f-b984-3792bb4e035d'),
 ('5', '20', 'Zobrazení taxonomie', '1', '2016-02-02 12:48:07', '2016-02-02 12:48:07', '33a3dd0f-5b3a-4b8d-b3eb-1bbadac7db25'),
 ('45', '47', 'Content', '1', '2016-02-06 14:09:18', '2016-02-06 14:09:18', 'ab169c4d-4cf9-4f01-afa5-25522bd0b6b1'),
 ('46', '48', 'Content', '1', '2016-02-06 14:09:40', '2016-02-06 14:09:40', 'c9e4d977-ed2a-4763-b564-242d5b77650e'),
 ('47', '49', 'Content', '1', '2016-02-06 14:13:01', '2016-02-06 14:13:01', '03ff929b-0354-44c7-b062-aeece903f285'),
 ('56', '52', 'Default', '1', '2016-02-06 14:14:44', '2016-02-06 14:14:44', 'c70c999c-c058-4823-a948-da2b95972bb0'),
 ('57', '52', 'Rozměry, knihovny štítků (taxonomie)', '2', '2016-02-06 14:14:44', '2016-02-06 14:14:44', '78859141-ad66-4bd3-98cc-cdf5cac15ed9'),
 ('58', '52', 'Média', '3', '2016-02-06 14:14:44', '2016-02-06 14:14:44', '0945dfbd-88e0-4039-afda-0f9bd6895835'),
 ('59', '52', 'Schémata a dokumenty ke stažení', '4', '2016-02-06 14:14:44', '2016-02-06 14:14:44', '09624b23-d5ab-4bdb-bcae-f813e300bca7'),
 ('60', '52', 'Doplňkové informace', '5', '2016-02-06 14:14:44', '2016-02-06 14:14:44', 'bb4b5e19-52ef-48a2-8f01-0bb82bc1d9a5'),
 ('65', '54', 'Default', '1', '2016-02-08 17:26:13', '2016-02-08 17:26:13', '3505a114-242f-4dae-817c-e472ea87651f'),
 ('66', '54', 'Média', '2', '2016-02-08 17:26:13', '2016-02-08 17:26:13', 'a72065b8-cf19-48c5-bdbf-ed3fd98ff6c4'),
 ('67', '54', 'Schémata a dokumenty ke stažení', '3', '2016-02-08 17:26:13', '2016-02-08 17:26:13', '166d23ba-6c8d-4ded-9a98-2ba92d9449e9'),
 ('68', '54', 'Doplňkové informace', '4', '2016-02-08 17:26:13', '2016-02-08 17:26:13', '95f95389-8b31-40e6-a14f-309ac8481d67'),
 ('71', '59', 'Obsah', '1', '2016-02-09 13:59:38', '2016-02-09 13:59:38', '8b648c18-e8e1-4e8a-9543-4923074e5303'),
 ('72', '60', 'Content', '1', '2016-02-09 14:11:59', '2016-02-09 14:11:59', '13dc3caa-7a95-4f7f-a66b-f5032d91b2d2'),
 ('76', '64', 'Obsah', '1', '2016-02-09 14:17:31', '2016-02-09 14:17:31', 'fb3e07e2-abe0-4a1d-bfe8-e690a1849ba9'),
 ('77', '65', 'Content', '1', '2016-02-09 14:21:25', '2016-02-09 14:21:25', '9e62a0ff-eb8c-45ec-b63e-4bf74bc966d8');



DROP TABLE IF EXISTS `katr_fields`;


--
-- Schema for table `katr_fields`
--
CREATE TABLE `katr_fields` (
  `id` int(11) NOT NULL AUTO_INCREMENT,
  `groupId` int(11) DEFAULT NULL,
  `name` varchar(255) COLLATE utf8_unicode_ci NOT NULL,
  `handle` varchar(58) COLLATE utf8_unicode_ci NOT NULL,
  `context` varchar(255) COLLATE utf8_unicode_ci NOT NULL DEFAULT 'global',
  `instructions` text COLLATE utf8_unicode_ci,
  `translatable` tinyint(1) unsigned NOT NULL DEFAULT '0',
  `type` varchar(150) COLLATE utf8_unicode_ci NOT NULL,
  `settings` text COLLATE utf8_unicode_ci,
  `dateCreated` datetime NOT NULL,
  `dateUpdated` datetime NOT NULL,
  `uid` char(36) COLLATE utf8_unicode_ci NOT NULL DEFAULT '0',
  PRIMARY KEY (`id`),
  UNIQUE KEY `katr_fields_handle_context_unq_idx` (`handle`,`context`),
  KEY `katr_fields_context_idx` (`context`),
  KEY `katr_fields_groupId_fk` (`groupId`)
) ENGINE=InnoDB AUTO_INCREMENT=38 DEFAULT CHARSET=utf8 COLLATE=utf8_unicode_ci;

--
-- Data for table `katr_fields`
--

INSERT INTO `katr_fields` (`id`, `groupId`, `name`, `handle`, `context`, `instructions`, `translatable`, `type`, `settings`, `dateCreated`, `dateUpdated`, `uid`) VALUES
 ('1', '1', 'Body', 'body', 'global', NULL, '1', 'RichText', '{\"configFile\":\"Standard.json\",\"columnType\":\"text\"}', '2016-02-01 15:21:44', '2016-02-01 15:21:44', 'c7bcf034-56f9-476a-baf5-367bb4615a12'),
 ('3', '2', 'Zobrazit ve filtru', 'showInFilter', 'global', '', '0', 'Lightswitch', '{\"default\":\"1\"}', '2016-02-02 12:43:41', '2016-02-06 10:59:31', 'bfe18e6a-b2c7-4a28-99c4-08ef7494b144'),
 ('4', '2', 'Zkrácené označení', 'shortTitle', 'global', '', '0', 'PlainText', '{\"placeholder\":\"nap\\u0159. SK, CZ\\u2026\",\"maxLength\":\"3\",\"multiline\":\"\",\"initialRows\":\"4\"}', '2016-02-02 12:47:22', '2016-02-06 10:58:57', 'a572786c-a34e-44b6-b544-0cf9c5e91303'),
 ('5', '2', 'Zobrazit jako', 'zobrazitJako', 'global', '', '0', 'Dropdown', '{\"options\":[{\"label\":\"dropdown\",\"value\":\"dropdown\",\"default\":\"\"},{\"label\":\"tagcloud\",\"value\":\"tagcloud\",\"default\":\"\"},{\"label\":\"slider\",\"value\":\"slider\",\"default\":\"\"}]}', '2016-02-06 11:01:18', '2016-02-06 11:01:18', '8576e5c6-afe5-4ab0-a1a0-3b3932bfd463'),
 ('6', '1', 'Úvodní obrázek', 'uvodniObrazek', 'global', '', '0', 'Assets', '{\"useSingleFolder\":\"\",\"sources\":[\"folder:1\",\"folder:2\"],\"defaultUploadLocationSource\":\"1\",\"defaultUploadLocationSubpath\":\"\",\"singleUploadLocationSource\":\"1\",\"singleUploadLocationSubpath\":\"\",\"restrictFiles\":\"1\",\"allowedKinds\":[\"image\"],\"limit\":\"1\",\"viewMode\":\"list\",\"selectionLabel\":\"P\\u0159idat \\u00favodn\\u00ed obr\\u00e1zek \\/ fotografii\"}', '2016-02-06 11:03:38', '2016-02-06 14:06:47', 'f8385fe4-ca17-4bff-b584-d195afd9f5d4'),
 ('7', '1', 'Původní název', 'originalTitle', 'global', '', '0', 'PlainText', '{\"placeholder\":\"p\\u016fvodn\\u00ed n\\u00e1zev z Heliosu\",\"maxLength\":\"\",\"multiline\":\"\",\"initialRows\":\"4\"}', '2016-02-06 11:06:14', '2016-02-06 11:06:14', 'a5e87001-e114-469a-a6a0-9c5272ae4b16'),
 ('8', '3', 'Šířka (š)', 'sirka', 'global', 'zadejte rozměr v mm', '0', 'Number', '{\"min\":\"0\",\"max\":\"\",\"decimals\":\"0\"}', '2016-02-06 11:07:38', '2016-02-06 11:07:38', '3fae41ef-4fde-4022-bc5f-89fb7562dfc0'),
 ('9', '3', 'Výška (v)', 'vyska', 'global', 'zadejte výšku v mm', '0', 'Number', '{\"min\":\"0\",\"max\":\"\",\"decimals\":\"0\"}', '2016-02-06 11:07:56', '2016-02-06 11:08:12', 'd62bf7c1-cc59-49e2-912d-dd093238b7be'),
 ('10', '3', 'Hlouboka (h)', 'hloubokaH', 'global', 'zadejte hloubku v mm', '0', 'Number', '{\"min\":\"0\",\"max\":\"\",\"decimals\":\"0\"}', '2016-02-06 11:08:25', '2016-02-06 11:08:37', 'dbf980f5-fa07-4a31-bc15-171c6ed5458e'),
 ('11', '3', 'Materiál', 'material', 'global', '', '0', 'Categories', '{\"source\":\"group:3\",\"limit\":\"\",\"selectionLabel\":\"\"}', '2016-02-06 11:10:24', '2016-02-06 11:10:24', '827ad133-ce7f-4cf5-aa79-f03f74edefa0'),
 ('12', '3', 'Materiál izolace', 'materialIzolace', 'global', '', '0', 'Categories', '{\"source\":\"group:5\",\"limit\":\"\",\"selectionLabel\":\"\"}', '2016-02-06 11:10:46', '2016-02-06 11:10:46', '3aab8e40-d747-455b-adba-be1b3a0fa900'),
 ('14', '3', 'Prosklení', 'proskleni', 'global', '', '0', 'Categories', '{\"source\":\"group:4\",\"limit\":\"\",\"selectionLabel\":\"\"}', '2016-02-06 11:12:09', '2016-02-06 11:12:09', '7e9c34b0-560d-4145-a362-834d1b414a1d'),
 ('15', '1', 'Poznámka', 'poznamka', 'global', 'Vyplňte informace z původního názvu, které se v některých případech nevejdou jinam. Tati informace se zobrazí ve výpisech položek pod názvem', '0', 'PlainText', '{\"placeholder\":\"\",\"maxLength\":\"\",\"multiline\":\"\",\"initialRows\":\"4\"}', '2016-02-06 13:17:56', '2016-02-06 13:17:56', '0d6f7658-5323-4f8d-b00a-29b2d3a1fec8'),
 ('16', '1', 'Katalogové číslo', 'katalogoveCislo', 'global', '', '0', 'Number', '{\"min\":\"0\",\"max\":\"\",\"decimals\":\"0\"}', '2016-02-06 13:19:37', '2016-02-06 13:19:37', '9e857491-935a-42cd-bb61-b649ce93973a'),
 ('17', '4', 'Hlavní fotogalerie', 'productPhotogallery', 'global', '', '0', 'Assets', '{\"useSingleFolder\":\"1\",\"sources\":[\"folder:1\"],\"defaultUploadLocationSource\":\"1\",\"defaultUploadLocationSubpath\":\"\",\"singleUploadLocationSource\":\"1\",\"singleUploadLocationSubpath\":\"\",\"restrictFiles\":\"1\",\"allowedKinds\":[\"image\"],\"limit\":\"\",\"viewMode\":\"list\",\"selectionLabel\":\"P\\u0159idat obr\\u00e1zek(y)\"}', '2016-02-06 13:24:51', '2016-02-06 14:10:06', '2f290112-11e3-4ca9-b176-84a116dd213c'),
 ('18', '4', 'Doplňkové galerie', 'doplkoveGalerie', 'global', 'Doplňkové galerie jsou primárně určeny k prezentaci barevných variant, půdorysů apod. Vyberte vždy adekvátní typ doplňkév galerie. Je možné vložit několik doplňkových galerií dle potřeby.', '0', 'Matrix', '{\"maxBlocks\":null}', '2016-02-06 13:31:34', '2016-02-06 14:09:40', 'f0780554-319b-45bc-a718-284f499f43e6'),
 ('19', NULL, 'Název', 'galleryTitle', 'matrixBlockType:1', 'Název galerie', '0', 'PlainText', '{\"placeholder\":\"\",\"maxLength\":\"\",\"multiline\":\"\",\"initialRows\":\"4\"}', '2016-02-06 13:31:35', '2016-02-06 14:09:40', '40885adb-93e6-44d6-8c36-3618e81f37a3'),
 ('20', NULL, 'Typ galerie', 'typGalerie', 'matrixBlockType:1', 'Určuje, jak se galerie zobrazí.', '0', 'RadioButtons', '{\"options\":[{\"label\":\"galerie s velk\\u00fdmi n\\u00e1hledy\",\"value\":\"hugeGallery\",\"default\":\"1\"},{\"label\":\"galerie s mal\\u00fdmi n\\u00e1hledy\",\"value\":\"smallGallery\",\"default\":\"\"}]}', '2016-02-06 13:31:35', '2016-02-06 14:09:40', 'ee9279cf-dc93-4796-8ced-e316b653432b'),
 ('21', NULL, 'Obrázky / fotografie', 'images', 'matrixBlockType:1', '', '0', 'Assets', '{\"useSingleFolder\":\"\",\"sources\":[\"folder:1\"],\"defaultUploadLocationSource\":\"1\",\"defaultUploadLocationSubpath\":\"\",\"singleUploadLocationSource\":\"1\",\"singleUploadLocationSubpath\":\"\",\"restrictFiles\":\"\",\"limit\":\"\",\"viewMode\":\"list\",\"selectionLabel\":\"P\\u0159idat obr\\u00e1zek(y)\"}', '2016-02-06 13:31:35', '2016-02-06 14:09:40', 'd664fc5b-548e-4efe-989c-f60e3e9b1368'),
 ('22', '5', 'Dokumenty ke stažení', 'downloads', 'global', 'Soubory je nutné nahrávat do patřičných složek (technické listy, certifikace…) případně jejich podsložek!', '0', 'Assets', '{\"useSingleFolder\":\"\",\"sources\":[\"folder:3\"],\"defaultUploadLocationSource\":\"3\",\"defaultUploadLocationSubpath\":\"\",\"singleUploadLocationSource\":\"1\",\"singleUploadLocationSubpath\":\"\",\"restrictFiles\":\"\",\"limit\":\"\",\"viewMode\":\"list\",\"selectionLabel\":\"P\\u0159idat soubor(y)\"}', '2016-02-06 13:46:39', '2016-02-06 14:08:57', '793b4093-6489-423c-bf40-8fbd69a3a1e1'),
 ('23', '5', 'Schémata', 'schemata', 'global', '', '0', 'Matrix', '{\"maxBlocks\":null}', '2016-02-06 13:51:48', '2016-02-06 14:09:18', '6bd1974d-6303-4803-88ab-075501592f71'),
 ('24', NULL, 'Název schématu', 'schemaTitle', 'matrixBlockType:2', '', '0', 'PlainText', '{\"placeholder\":\"\",\"maxLength\":\"\",\"multiline\":\"\",\"initialRows\":\"4\"}', '2016-02-06 13:51:48', '2016-02-06 14:09:18', '1e00f2bf-dc3e-4193-b718-097c17afe45e'),
 ('25', NULL, 'Obrázek', 'images', 'matrixBlockType:2', 'Obrázek by měl mít jednu stranu delší. Podle toho se vybare šablona pro vertikálně nebo horizontálně orientované schéma.', '0', 'Assets', '{\"useSingleFolder\":\"1\",\"sources\":[\"folder:2\"],\"defaultUploadLocationSource\":\"2\",\"defaultUploadLocationSubpath\":\"\",\"singleUploadLocationSource\":\"2\",\"singleUploadLocationSubpath\":\"\",\"restrictFiles\":\"\",\"limit\":\"\",\"viewMode\":\"list\",\"selectionLabel\":\"P\\u0159idat obr\\u00e1zek(y)\"}', '2016-02-06 13:51:48', '2016-02-06 14:09:18', '6da2a255-ef95-490c-97d3-7ad26a646034'),
 ('26', NULL, 'Popisky', 'popisky', 'matrixBlockType:2', 'Popisky zadávejte jako list (li)', '0', 'RichText', '{\"configFile\":\"\",\"cleanupHtml\":\"1\",\"purifyHtml\":\"1\",\"columnType\":\"text\"}', '2016-02-06 13:51:48', '2016-02-06 14:09:18', '279571bc-56a5-495a-911e-f5d6b6317e76'),
 ('27', NULL, 'Poznámka', 'poznamka', 'matrixBlockType:2', '', '0', 'RichText', '{\"configFile\":\"\",\"cleanupHtml\":\"1\",\"purifyHtml\":\"1\",\"columnType\":\"text\"}', '2016-02-06 13:51:48', '2016-02-06 14:09:18', '26aa0639-3f69-4c61-81fb-3a63d5b866da'),
 ('28', '1', 'Země použití', 'zemePouziti', 'global', 'Určuje, zda existuje územní platnost pro specifické státy.', '0', 'Categories', '{\"source\":\"group:6\",\"limit\":\"1\",\"selectionLabel\":\"Zem\\u011b pou\\u017eit\\u00ed\"}', '2016-02-06 13:57:58', '2016-02-06 14:07:43', '400508b2-8ac5-4f32-8a56-ed4a519128ce'),
 ('29', '1', 'Související výrobkové řady', 'souvisejiciVyrobkoveRady', 'global', '', '0', 'Categories', '{\"source\":\"group:2\",\"limit\":\"\",\"selectionLabel\":\"Pro kter\\u00e9 v\\u00fdrobkov\\u00e9 \\u0159ady je ur\\u010deno\"}', '2016-02-06 14:03:44', '2016-02-06 14:08:10', '3438f590-5ecd-45e6-9e84-a9d9ceec86b7'),
 ('30', '6', 'Doplňkové informace', 'doplnkoveInformace', 'global', '', '0', 'Matrix', '{\"maxBlocks\":null}', '2016-02-06 14:13:01', '2016-02-06 14:13:01', 'fe799cc4-9f7b-4172-9289-0dc5fdb5f5f6'),
 ('31', NULL, 'Název', 'infoTitle', 'matrixBlockType:3', '', '0', 'PlainText', '{\"placeholder\":\"\",\"maxLength\":\"\",\"multiline\":\"\",\"initialRows\":\"4\"}', '2016-02-06 14:13:01', '2016-02-06 14:13:01', '941eac62-9220-4e4d-855b-c291f498be9f'),
 ('32', NULL, 'Tělo', 'infoBody', 'matrixBlockType:3', '', '0', 'RichText', '{\"configFile\":\"\",\"cleanupHtml\":\"1\",\"purifyHtml\":\"1\",\"columnType\":\"text\"}', '2016-02-06 14:13:01', '2016-02-06 14:13:01', 'f57f87bb-c36f-464e-b740-5629595ad8f1'),
 ('33', NULL, 'Obrázek', 'obrazek', 'matrixBlockType:3', '', '0', 'Assets', '{\"useSingleFolder\":\"\",\"sources\":[\"folder:1\",\"folder:2\"],\"defaultUploadLocationSource\":\"1\",\"defaultUploadLocationSubpath\":\"\",\"singleUploadLocationSource\":\"1\",\"singleUploadLocationSubpath\":\"\",\"restrictFiles\":\"\",\"limit\":\"1\",\"viewMode\":\"list\",\"selectionLabel\":\"P\\u0159idat obr\\u00e1zek\"}', '2016-02-06 14:13:01', '2016-02-06 14:13:01', '7e350932-ff60-43e6-9bec-398a97b9dc46'),
 ('34', '7', 'Pevný odkaz', 'pevnyOdkaz', 'global', 'ručně nastavitelný link', '0', 'Matrix', '{\"maxBlocks\":null}', '2016-02-09 13:59:14', '2016-02-09 14:11:59', '2b2ffc95-dfd2-4c81-8e9a-7d6bcd056a18'),
 ('35', NULL, 'Název', 'linkTitle', 'matrixBlockType:4', '', '0', 'PlainText', '{\"placeholder\":\"\",\"maxLength\":\"\",\"multiline\":\"\",\"initialRows\":\"4\"}', '2016-02-09 13:59:14', '2016-02-09 14:11:59', '55da8b05-15f8-4aac-a49f-6dbe9de02ddd'),
 ('36', NULL, 'URL', 'linkUrl', 'matrixBlockType:4', 'kompletní adresa odkazu', '0', 'PlainText', '{\"placeholder\":\"http:\\/\\/www.koma-modular.cz\",\"maxLength\":\"\",\"multiline\":\"\",\"initialRows\":\"4\"}', '2016-02-09 13:59:14', '2016-02-09 14:11:59', 'e971c282-9834-42c4-aaf2-c868576ddb6f'),
 ('37', NULL, 'třídy', 'linkClasses', 'matrixBlockType:4', 'zadejte potřebné třídy odkazu pro zobrazení patřičných ikon', '0', 'PlainText', '{\"placeholder\":\"\",\"maxLength\":\"\",\"multiline\":\"\",\"initialRows\":\"4\"}', '2016-02-09 14:11:59', '2016-02-09 14:11:59', '68e08099-2818-44b2-96e0-6fdaa3e0a58e');



DROP TABLE IF EXISTS `katr_globalsets`;


--
-- Schema for table `katr_globalsets`
--
CREATE TABLE `katr_globalsets` (
  `id` int(11) NOT NULL,
  `name` varchar(255) COLLATE utf8_unicode_ci NOT NULL,
  `handle` varchar(255) COLLATE utf8_unicode_ci NOT NULL,
  `fieldLayoutId` int(10) DEFAULT NULL,
  `dateCreated` datetime NOT NULL,
  `dateUpdated` datetime NOT NULL,
  `uid` char(36) COLLATE utf8_unicode_ci NOT NULL DEFAULT '0',
  PRIMARY KEY (`id`),
  UNIQUE KEY `katr_globalsets_name_unq_idx` (`name`),
  UNIQUE KEY `katr_globalsets_handle_unq_idx` (`handle`),
  KEY `katr_globalsets_fieldLayoutId_fk` (`fieldLayoutId`)
) ENGINE=InnoDB DEFAULT CHARSET=utf8 COLLATE=utf8_unicode_ci;

--
-- Data for table `katr_globalsets`
--

INSERT INTO `katr_globalsets` (`id`, `name`, `handle`, `fieldLayoutId`, `dateCreated`, `dateUpdated`, `uid`) VALUES
 ('81', 'Sociální média', 'socialniMedia', '59', '2016-02-09 13:55:39', '2016-02-09 13:59:38', '4ec0f710-e18a-444d-ba93-19b0cba1710c'),
 ('85', 'Patička', 'footer', '64', '2016-02-09 14:16:04', '2016-02-09 14:17:31', '06d3453a-0dfd-47a7-9a04-4c1a11c1b684');



DROP TABLE IF EXISTS `katr_info`;


--
-- Schema for table `katr_info`
--
CREATE TABLE `katr_info` (
  `id` int(11) NOT NULL AUTO_INCREMENT,
  `version` varchar(15) COLLATE utf8_unicode_ci NOT NULL,
  `build` int(11) unsigned NOT NULL,
  `schemaVersion` varchar(15) COLLATE utf8_unicode_ci NOT NULL,
  `releaseDate` datetime NOT NULL,
  `edition` tinyint(1) unsigned NOT NULL DEFAULT '0',
  `siteName` varchar(100) COLLATE utf8_unicode_ci NOT NULL,
  `siteUrl` varchar(255) COLLATE utf8_unicode_ci NOT NULL,
  `timezone` varchar(30) COLLATE utf8_unicode_ci DEFAULT NULL,
  `on` tinyint(1) unsigned NOT NULL DEFAULT '0',
  `maintenance` tinyint(1) unsigned NOT NULL DEFAULT '0',
  `track` varchar(40) COLLATE utf8_unicode_ci NOT NULL,
  `dateCreated` datetime NOT NULL,
  `dateUpdated` datetime NOT NULL,
  `uid` char(36) COLLATE utf8_unicode_ci NOT NULL DEFAULT '0',
  PRIMARY KEY (`id`)
) ENGINE=InnoDB AUTO_INCREMENT=2 DEFAULT CHARSET=utf8 COLLATE=utf8_unicode_ci;

--
-- Data for table `katr_info`
--

INSERT INTO `katr_info` (`id`, `version`, `build`, `schemaVersion`, `releaseDate`, `edition`, `siteName`, `siteUrl`, `timezone`, `on`, `maintenance`, `track`, `dateCreated`, `dateUpdated`, `uid`) VALUES
 ('1', '2.5', '2761', '2.5.11', '2016-01-28 19:16:15', '2', 'Koma Katalog', 'http://koma-katalog.dev', 'UTC', '1', '1', 'stable', '2016-02-01 15:21:39', '2016-02-10 16:45:25', '1b8c87dc-d8a0-49ab-8a84-d4c3bd6500ad');



DROP TABLE IF EXISTS `katr_locales`;


--
-- Schema for table `katr_locales`
--
CREATE TABLE `katr_locales` (
  `locale` char(12) COLLATE utf8_unicode_ci NOT NULL,
  `sortOrder` tinyint(4) DEFAULT NULL,
  `dateCreated` datetime NOT NULL,
  `dateUpdated` datetime NOT NULL,
  `uid` char(36) COLLATE utf8_unicode_ci NOT NULL DEFAULT '0',
  PRIMARY KEY (`locale`),
  KEY `katr_locales_sortOrder_idx` (`sortOrder`)
) ENGINE=InnoDB DEFAULT CHARSET=utf8 COLLATE=utf8_unicode_ci;

--
-- Data for table `katr_locales`
--

INSERT INTO `katr_locales` (`locale`, `sortOrder`, `dateCreated`, `dateUpdated`, `uid`) VALUES
 ('cs', '1', '2016-02-01 15:21:39', '2016-02-01 15:21:39', '881c61b1-54b0-41f0-9c86-312dd53c051c');



DROP TABLE IF EXISTS `katr_matrixblocks`;


--
-- Schema for table `katr_matrixblocks`
--
CREATE TABLE `katr_matrixblocks` (
  `id` int(11) NOT NULL,
  `ownerId` int(11) NOT NULL,
  `fieldId` int(11) NOT NULL,
  `typeId` int(11) DEFAULT NULL,
  `sortOrder` tinyint(4) DEFAULT NULL,
  `ownerLocale` char(12) COLLATE utf8_unicode_ci DEFAULT NULL,
  `dateCreated` datetime NOT NULL,
  `dateUpdated` datetime NOT NULL,
  `uid` char(36) COLLATE utf8_unicode_ci NOT NULL DEFAULT '0',
  PRIMARY KEY (`id`),
  KEY `katr_matrixblocks_ownerId_idx` (`ownerId`),
  KEY `katr_matrixblocks_fieldId_idx` (`fieldId`),
  KEY `katr_matrixblocks_typeId_idx` (`typeId`),
  KEY `katr_matrixblocks_sortOrder_idx` (`sortOrder`),
  KEY `katr_matrixblocks_ownerLocale_fk` (`ownerLocale`)
) ENGINE=InnoDB DEFAULT CHARSET=utf8 COLLATE=utf8_unicode_ci;

--
-- Data for table `katr_matrixblocks`
--

INSERT INTO `katr_matrixblocks` (`id`, `ownerId`, `fieldId`, `typeId`, `sortOrder`, `ownerLocale`, `dateCreated`, `dateUpdated`, `uid`) VALUES
 ('82', '81', '34', '4', '1', NULL, '2016-02-09 14:00:13', '2016-02-09 14:14:21', 'db3fad28-96d5-4ff8-85f5-da5ac4190ce6'),
 ('83', '81', '34', '4', '2', NULL, '2016-02-09 14:01:16', '2016-02-09 14:14:21', 'ec50962a-41c3-4950-9e8f-404e82a20060'),
 ('84', '81', '34', '4', '3', NULL, '2016-02-09 14:01:16', '2016-02-09 14:14:21', '2eebad1b-8ff4-42b6-841b-d966aa38594d'),
 ('86', '2', '30', '3', '1', NULL, '2016-02-09 14:24:08', '2016-02-09 14:34:34', 'f3b4af56-0236-45fd-9568-fe6636f568f5'),
 ('87', '2', '30', '3', '2', NULL, '2016-02-09 14:24:08', '2016-02-09 14:34:34', 'dffd6f6b-3d50-4d43-a52c-e14bd02764bc'),
 ('88', '2', '30', '3', '3', NULL, '2016-02-09 14:24:08', '2016-02-09 14:34:34', 'f8c48d3b-0ed5-485a-8f8c-6fe9d3e8a3ce'),
 ('89', '2', '30', '3', '4', NULL, '2016-02-09 14:24:08', '2016-02-09 14:34:34', '90cba350-ba56-4132-880e-12e1272c23f3'),
 ('91', '6', '30', '3', '1', NULL, '2016-02-10 16:36:20', '2016-02-10 16:38:04', '37979b61-6588-4bbf-acb0-8e0b53ec3769'),
 ('97', '7', '30', '3', '1', NULL, '2016-02-10 16:44:41', '2016-02-10 16:44:46', '6659661a-2319-4082-b18e-34fcaf1d4ecc');



DROP TABLE IF EXISTS `katr_matrixblocktypes`;


--
-- Schema for table `katr_matrixblocktypes`
--
CREATE TABLE `katr_matrixblocktypes` (
  `id` int(11) NOT NULL AUTO_INCREMENT,
  `fieldId` int(11) NOT NULL,
  `fieldLayoutId` int(11) DEFAULT NULL,
  `name` varchar(255) COLLATE utf8_unicode_ci NOT NULL,
  `handle` varchar(255) COLLATE utf8_unicode_ci NOT NULL,
  `sortOrder` tinyint(4) DEFAULT NULL,
  `dateCreated` datetime NOT NULL,
  `dateUpdated` datetime NOT NULL,
  `uid` char(36) COLLATE utf8_unicode_ci NOT NULL DEFAULT '0',
  PRIMARY KEY (`id`),
  UNIQUE KEY `katr_matrixblocktypes_name_fieldId_unq_idx` (`name`,`fieldId`),
  UNIQUE KEY `katr_matrixblocktypes_handle_fieldId_unq_idx` (`handle`,`fieldId`),
  KEY `katr_matrixblocktypes_fieldId_fk` (`fieldId`),
  KEY `katr_matrixblocktypes_fieldLayoutId_fk` (`fieldLayoutId`)
) ENGINE=InnoDB AUTO_INCREMENT=5 DEFAULT CHARSET=utf8 COLLATE=utf8_unicode_ci;

--
-- Data for table `katr_matrixblocktypes`
--

INSERT INTO `katr_matrixblocktypes` (`id`, `fieldId`, `fieldLayoutId`, `name`, `handle`, `sortOrder`, `dateCreated`, `dateUpdated`, `uid`) VALUES
 ('1', '18', '48', 'Doplňková galerie', 'doplkovaGalerie', '1', '2016-02-06 13:31:35', '2016-02-06 14:09:40', '3e949cf2-06a1-4409-b60d-4e76b98e9d6a'),
 ('2', '23', '47', 'Schémata', 'schemata', '1', '2016-02-06 13:51:48', '2016-02-06 14:09:18', '3cfff630-48e4-4c06-9fbb-b8e8019244ac'),
 ('3', '30', '49', 'Doplňkové Informace', 'doplnkoveInformace', '1', '2016-02-06 14:13:01', '2016-02-06 14:13:01', '8d08a620-3d1d-4630-b5b7-8f96f337c998'),
 ('4', '34', '60', 'Odkaz', 'odkaz', '1', '2016-02-09 13:59:14', '2016-02-09 14:11:59', '293ff5a7-0bf7-4cfd-acc2-480859747223');



DROP TABLE IF EXISTS `katr_matrixcontent_doplkovegalerie`;


--
-- Schema for table `katr_matrixcontent_doplkovegalerie`
--
CREATE TABLE `katr_matrixcontent_doplkovegalerie` (
  `id` int(11) NOT NULL AUTO_INCREMENT,
  `elementId` int(11) NOT NULL,
  `locale` char(12) COLLATE utf8_unicode_ci NOT NULL,
  `field_doplkovaGalerie_galleryTitle` text COLLATE utf8_unicode_ci,
  `field_doplkovaGalerie_typGalerie` varchar(255) COLLATE utf8_unicode_ci DEFAULT 'hugeGallery',
  `dateCreated` datetime NOT NULL,
  `dateUpdated` datetime NOT NULL,
  `uid` char(36) COLLATE utf8_unicode_ci NOT NULL DEFAULT '0',
  PRIMARY KEY (`id`),
  UNIQUE KEY `katr_matrixcontent_doplkovegalerie_elementId_locale_unq_idx` (`elementId`,`locale`),
  KEY `katr_matrixcontent_doplkovegalerie_locale_fk` (`locale`)
) ENGINE=InnoDB DEFAULT CHARSET=utf8 COLLATE=utf8_unicode_ci;

DROP TABLE IF EXISTS `katr_matrixcontent_doplnkoveinformace`;


--
-- Schema for table `katr_matrixcontent_doplnkoveinformace`
--
CREATE TABLE `katr_matrixcontent_doplnkoveinformace` (
  `id` int(11) NOT NULL AUTO_INCREMENT,
  `elementId` int(11) NOT NULL,
  `locale` char(12) COLLATE utf8_unicode_ci NOT NULL,
  `field_doplnkoveInformace_infoTitle` text COLLATE utf8_unicode_ci,
  `field_doplnkoveInformace_infoBody` text COLLATE utf8_unicode_ci,
  `dateCreated` datetime NOT NULL,
  `dateUpdated` datetime NOT NULL,
  `uid` char(36) COLLATE utf8_unicode_ci NOT NULL DEFAULT '0',
  PRIMARY KEY (`id`),
  UNIQUE KEY `katr_matrixcontent_doplnkoveinformace_elementId_locale_unq_idx` (`elementId`,`locale`),
  KEY `katr_matrixcontent_doplnkoveinformace_locale_fk` (`locale`)
) ENGINE=InnoDB AUTO_INCREMENT=7 DEFAULT CHARSET=utf8 COLLATE=utf8_unicode_ci;

--
-- Data for table `katr_matrixcontent_doplnkoveinformace`
--

INSERT INTO `katr_matrixcontent_doplnkoveinformace` (`id`, `elementId`, `locale`, `field_doplnkoveInformace_infoTitle`, `field_doplnkoveInformace_infoBody`, `dateCreated`, `dateUpdated`, `uid`) VALUES
 ('1', '86', 'cs', 'Co je KATR', '<p>KATR je Katalog technických řešení výrobků firmy KOMA MODULAR s.r.o. a objektů, které jsou sestaveny z těchto výrobků.</p>', '2016-02-09 14:24:08', '2016-02-09 14:34:34', 'f0c9f382-3d22-42b6-8f37-1dc17fc72b88'),
 ('2', '87', 'cs', 'Komu je katalog určen', '<p>KATR je primárně určen všem zájemcům o modulární výstavbu a zaměstnancům firmy KOMA MODULAR s. r. o.  ke snadné orientaci standardizovaných technických řešení, které jsou odzkoušené a promyšlené.</p>', '2016-02-09 14:24:08', '2016-02-09 14:34:34', 'ea59035a-9ef5-4f11-98a9-7881c3f05675'),
 ('3', '88', 'cs', 'Výhody standardizovaných řešení', '<p>Tato technická řešení zaručují našim obchodním partnerům cenové zvýhodnění a rychlou realizaci. Tedy plné využití výhod modulární výstavby – rychlost, ekonomičnost.</p>', '2016-02-09 14:24:08', '2016-02-09 14:34:34', 'c0ced7e1-4582-434c-81be-c1d6d66542ea'),
 ('4', '89', 'cs', 'Atypická řešení', '<p>Firma KOMA MODULAR s.r.o.se nebrání atypickým řešením, ale je nutné si uvědomit, že tato si vyžádá delší čas na technickou přípravu, odzkoušení a výrobu, které se odrazí i ve vyšší ceně konečného produktu.</p>', '2016-02-09 14:24:08', '2016-02-09 14:34:34', '6b8d515b-2076-4cab-a40b-5483f84dfdf6'),
 ('5', '91', 'cs', '', '', '2016-02-10 16:36:20', '2016-02-10 16:38:04', '7235cf65-ec9a-4a01-89bd-245817048092'),
 ('6', '97', 'cs', 'Pomáháme lidem v nouzi', '<p>Navíc naše řešení umožňuje rozebrání buňky nebo dodání v jednotlivých elementech. Montáž obytných a sanitárních buněk tak lze provádět bez použití jeřábu. Z těchto důvodů můžeme jednotlivé elementy našich obytných a sanitárních buněk přepravovat ekonomicky v lodních kontejnerech na kteréko-li místo na světě. V jednom dvacetistopém námořním kontejneru lze přepravit elementy až pro 8 obytných ekonomických buněk. Pomocí našich buněk EconomicLine pomáháme tak lidem, kteří se ocitli bez přístřeší díky přírodním nebo vojenským katastrofám. <a href=\"http://www.koma-modular.cz/humanitarni-projekty\" target=\"_blank\">Více o humanitárních řešení se dočtete na našich firemní stránkách.</a></p>', '2016-02-10 16:44:41', '2016-02-10 16:44:46', '802f9275-cda4-4ddd-b422-aee974a41fa6');



DROP TABLE IF EXISTS `katr_matrixcontent_pevnyodkaz`;


--
-- Schema for table `katr_matrixcontent_pevnyodkaz`
--
CREATE TABLE `katr_matrixcontent_pevnyodkaz` (
  `id` int(11) NOT NULL AUTO_INCREMENT,
  `elementId` int(11) NOT NULL,
  `locale` char(12) COLLATE utf8_unicode_ci NOT NULL,
  `field_odkaz_linkTitle` text COLLATE utf8_unicode_ci,
  `field_odkaz_linkUrl` text COLLATE utf8_unicode_ci,
  `field_odkaz_linkClasses` text COLLATE utf8_unicode_ci,
  `dateCreated` datetime NOT NULL,
  `dateUpdated` datetime NOT NULL,
  `uid` char(36) COLLATE utf8_unicode_ci NOT NULL DEFAULT '0',
  PRIMARY KEY (`id`),
  UNIQUE KEY `katr_matrixcontent_pevnyodkaz_elementId_locale_unq_idx` (`elementId`,`locale`),
  KEY `katr_matrixcontent_pevnyodkaz_locale_fk` (`locale`)
) ENGINE=InnoDB AUTO_INCREMENT=4 DEFAULT CHARSET=utf8 COLLATE=utf8_unicode_ci;

--
-- Data for table `katr_matrixcontent_pevnyodkaz`
--

INSERT INTO `katr_matrixcontent_pevnyodkaz` (`id`, `elementId`, `locale`, `field_odkaz_linkTitle`, `field_odkaz_linkUrl`, `field_odkaz_linkClasses`, `dateCreated`, `dateUpdated`, `uid`) VALUES
 ('1', '82', 'cs', 'KOMA Modular Facebook', 'https://www.facebook.com/KOMAmodular', 'fa fa-2x fa-facebook', '2016-02-09 14:00:13', '2016-02-09 14:14:21', '5a5882a2-e11a-4506-a0cc-b3a69d01088e'),
 ('2', '83', 'cs', 'KOMA YouTube channel', 'https://www.youtube.com/user/TopKOMASPACE', 'fa fa-2x fa-youtube-play', '2016-02-09 14:01:16', '2016-02-09 14:14:21', '2da2de78-e318-4350-b64a-0b5f0b25c31a'),
 ('3', '84', 'cs', 'KOMA Modular Twitter', 'https://twitter.com/KOMAmodular', 'fa fa-2x fa-twitter', '2016-02-09 14:01:16', '2016-02-09 14:14:21', 'e040949c-7375-45a4-9981-4b70b4435399');



DROP TABLE IF EXISTS `katr_matrixcontent_schemata`;


--
-- Schema for table `katr_matrixcontent_schemata`
--
CREATE TABLE `katr_matrixcontent_schemata` (
  `id` int(11) NOT NULL AUTO_INCREMENT,
  `elementId` int(11) NOT NULL,
  `locale` char(12) COLLATE utf8_unicode_ci NOT NULL,
  `field_schemata_schemaTitle` text COLLATE utf8_unicode_ci,
  `field_schemata_popisky` text COLLATE utf8_unicode_ci,
  `field_schemata_poznamka` text COLLATE utf8_unicode_ci,
  `dateCreated` datetime NOT NULL,
  `dateUpdated` datetime NOT NULL,
  `uid` char(36) COLLATE utf8_unicode_ci NOT NULL DEFAULT '0',
  PRIMARY KEY (`id`),
  UNIQUE KEY `katr_matrixcontent_schemata_elementId_locale_unq_idx` (`elementId`,`locale`),
  KEY `katr_matrixcontent_schemata_locale_fk` (`locale`)
) ENGINE=InnoDB DEFAULT CHARSET=utf8 COLLATE=utf8_unicode_ci;

DROP TABLE IF EXISTS `katr_migrations`;


--
-- Schema for table `katr_migrations`
--
CREATE TABLE `katr_migrations` (
  `id` int(11) NOT NULL AUTO_INCREMENT,
  `pluginId` int(11) DEFAULT NULL,
  `version` varchar(255) COLLATE utf8_unicode_ci NOT NULL,
  `applyTime` datetime NOT NULL,
  `dateCreated` datetime NOT NULL,
  `dateUpdated` datetime NOT NULL,
  `uid` char(36) COLLATE utf8_unicode_ci NOT NULL DEFAULT '0',
  PRIMARY KEY (`id`),
  UNIQUE KEY `katr_migrations_version_unq_idx` (`version`),
  KEY `katr_migrations_pluginId_fk` (`pluginId`)
) ENGINE=InnoDB AUTO_INCREMENT=27 DEFAULT CHARSET=utf8 COLLATE=utf8_unicode_ci;

--
-- Data for table `katr_migrations`
--

INSERT INTO `katr_migrations` (`id`, `pluginId`, `version`, `applyTime`, `dateCreated`, `dateUpdated`, `uid`) VALUES
 ('1', NULL, 'm000000_000000_base', '2016-02-01 15:21:39', '2016-02-01 15:21:39', '2016-02-01 15:21:39', '96cd23ae-a471-4fda-8a90-0e7174a1a2f9'),
 ('2', NULL, 'm140730_000001_add_filename_and_format_to_transformindex', '2016-02-01 15:21:39', '2016-02-01 15:21:39', '2016-02-01 15:21:39', 'a7ec8bb7-ec84-430d-b86e-e3aa6b051d87'),
 ('3', NULL, 'm140815_000001_add_format_to_transforms', '2016-02-01 15:21:39', '2016-02-01 15:21:39', '2016-02-01 15:21:39', 'cb456f84-a24b-4de5-bd17-a0a2727b35c9'),
 ('4', NULL, 'm140822_000001_allow_more_than_128_items_per_field', '2016-02-01 15:21:39', '2016-02-01 15:21:39', '2016-02-01 15:21:39', 'ea353d0d-7aab-4f21-8092-b187da720435'),
 ('5', NULL, 'm140829_000001_single_title_formats', '2016-02-01 15:21:39', '2016-02-01 15:21:39', '2016-02-01 15:21:39', '3a52a8bd-24ce-4248-857d-6d9519d23db8'),
 ('6', NULL, 'm140831_000001_extended_cache_keys', '2016-02-01 15:21:39', '2016-02-01 15:21:39', '2016-02-01 15:21:39', '8d37d78c-f56b-4172-93bf-df8c06471945'),
 ('7', NULL, 'm140922_000001_delete_orphaned_matrix_blocks', '2016-02-01 15:21:39', '2016-02-01 15:21:39', '2016-02-01 15:21:39', '02a02cd3-a540-44a9-bdab-c3279ffe2d4e'),
 ('8', NULL, 'm141008_000001_elements_index_tune', '2016-02-01 15:21:39', '2016-02-01 15:21:39', '2016-02-01 15:21:39', '7f010810-bb87-4110-8f32-7a5371dee8e9'),
 ('9', NULL, 'm141009_000001_assets_source_handle', '2016-02-01 15:21:39', '2016-02-01 15:21:39', '2016-02-01 15:21:39', '6b663107-7fe0-4273-b985-3a34014a847d'),
 ('10', NULL, 'm141024_000001_field_layout_tabs', '2016-02-01 15:21:39', '2016-02-01 15:21:39', '2016-02-01 15:21:39', 'e1755dc3-def0-4779-b5c6-04028cd1d89a'),
 ('11', NULL, 'm141030_000000_plugin_schema_versions', '2016-02-01 15:21:39', '2016-02-01 15:21:39', '2016-02-01 15:21:39', '2dd190de-a31a-4955-b785-036e26274c35'),
 ('12', NULL, 'm141030_000001_drop_structure_move_permission', '2016-02-01 15:21:39', '2016-02-01 15:21:39', '2016-02-01 15:21:39', '11d7b18c-f91f-4241-89f6-3b09832719df'),
 ('13', NULL, 'm141103_000001_tag_titles', '2016-02-01 15:21:39', '2016-02-01 15:21:39', '2016-02-01 15:21:39', '64b7c081-9a52-4112-ae16-f43ac9e9c407'),
 ('14', NULL, 'm141109_000001_user_status_shuffle', '2016-02-01 15:21:39', '2016-02-01 15:21:39', '2016-02-01 15:21:39', 'a315c5a0-ac19-4626-85a3-59f9f5b2b446'),
 ('15', NULL, 'm141126_000001_user_week_start_day', '2016-02-01 15:21:39', '2016-02-01 15:21:39', '2016-02-01 15:21:39', 'c86ce514-dc18-48c7-92e2-549136eb5a6d'),
 ('16', NULL, 'm150210_000001_adjust_user_photo_size', '2016-02-01 15:21:39', '2016-02-01 15:21:39', '2016-02-01 15:21:39', '4c6d775e-5b16-447d-a31f-2086a66ff407'),
 ('17', NULL, 'm150724_000001_adjust_quality_settings', '2016-02-01 15:21:39', '2016-02-01 15:21:39', '2016-02-01 15:21:39', '2cafa0ed-6c9b-4d2f-85bb-42fb54528913'),
 ('18', NULL, 'm150827_000000_element_index_settings', '2016-02-01 15:21:39', '2016-02-01 15:21:39', '2016-02-01 15:21:39', '63696830-46f0-42ec-97aa-93a051a91a95'),
 ('19', NULL, 'm150918_000001_add_colspan_to_widgets', '2016-02-01 15:21:39', '2016-02-01 15:21:39', '2016-02-01 15:21:39', '16a95879-da6c-4644-9bdd-ab05f909cfa0'),
 ('20', NULL, 'm151007_000000_clear_asset_caches', '2016-02-01 15:21:39', '2016-02-01 15:21:39', '2016-02-01 15:21:39', 'e6ab0750-73b6-4fcc-8d82-6689c810e252'),
 ('21', NULL, 'm151109_000000_text_url_formats', '2016-02-01 15:21:39', '2016-02-01 15:21:39', '2016-02-01 15:21:39', '6c4214a6-bfe1-4d92-90d7-1add5ddc0c56'),
 ('22', NULL, 'm151110_000000_move_logo', '2016-02-01 15:21:39', '2016-02-01 15:21:39', '2016-02-01 15:21:39', '7b05c431-0d31-49f2-990a-792753184fb1'),
 ('23', NULL, 'm151117_000000_adjust_image_widthheight', '2016-02-01 15:21:39', '2016-02-01 15:21:39', '2016-02-01 15:21:39', 'bcbcde00-f6aa-4674-bf36-1a3aa93b9451'),
 ('24', NULL, 'm151127_000000_clear_license_key_status', '2016-02-01 15:21:39', '2016-02-01 15:21:39', '2016-02-01 15:21:39', 'e7258ddc-d15d-4eb2-b8ba-9900f9eb24a1'),
 ('25', NULL, 'm151127_000000_plugin_license_keys', '2016-02-01 15:21:39', '2016-02-01 15:21:39', '2016-02-01 15:21:39', 'a3c1875d-0410-4fdd-a29f-d0a3b2eed7d3'),
 ('26', NULL, 'm151130_000000_update_pt_widget_feeds', '2016-02-01 15:21:39', '2016-02-01 15:21:39', '2016-02-01 15:21:39', '2c43a66c-c5fb-4ed7-8e38-958b94e14e17');



DROP TABLE IF EXISTS `katr_plugins`;


--
-- Schema for table `katr_plugins`
--
CREATE TABLE `katr_plugins` (
  `id` int(11) NOT NULL AUTO_INCREMENT,
  `class` varchar(150) COLLATE utf8_unicode_ci NOT NULL,
  `version` varchar(15) COLLATE utf8_unicode_ci NOT NULL,
  `schemaVersion` varchar(15) COLLATE utf8_unicode_ci DEFAULT NULL,
  `licenseKey` char(24) COLLATE utf8_unicode_ci DEFAULT NULL,
  `licenseKeyStatus` enum('valid','invalid','mismatched','unknown') COLLATE utf8_unicode_ci NOT NULL DEFAULT 'unknown',
  `enabled` tinyint(1) unsigned NOT NULL DEFAULT '0',
  `settings` text COLLATE utf8_unicode_ci,
  `installDate` datetime NOT NULL,
  `dateCreated` datetime NOT NULL,
  `dateUpdated` datetime NOT NULL,
  `uid` char(36) COLLATE utf8_unicode_ci NOT NULL DEFAULT '0',
  PRIMARY KEY (`id`)
) ENGINE=InnoDB DEFAULT CHARSET=utf8 COLLATE=utf8_unicode_ci;

DROP TABLE IF EXISTS `katr_rackspaceaccess`;


--
-- Schema for table `katr_rackspaceaccess`
--
CREATE TABLE `katr_rackspaceaccess` (
  `id` int(11) NOT NULL AUTO_INCREMENT,
  `connectionKey` varchar(255) COLLATE utf8_unicode_ci NOT NULL,
  `token` varchar(255) COLLATE utf8_unicode_ci NOT NULL,
  `storageUrl` varchar(255) COLLATE utf8_unicode_ci NOT NULL,
  `cdnUrl` varchar(255) COLLATE utf8_unicode_ci NOT NULL,
  `dateCreated` datetime NOT NULL,
  `dateUpdated` datetime NOT NULL,
  `uid` char(36) COLLATE utf8_unicode_ci NOT NULL DEFAULT '0',
  PRIMARY KEY (`id`),
  UNIQUE KEY `katr_rackspaceaccess_connectionKey_unq_idx` (`connectionKey`)
) ENGINE=InnoDB DEFAULT CHARSET=utf8 COLLATE=utf8_unicode_ci;

DROP TABLE IF EXISTS `katr_relations`;


--
-- Schema for table `katr_relations`
--
CREATE TABLE `katr_relations` (
  `id` int(11) NOT NULL AUTO_INCREMENT,
  `fieldId` int(11) NOT NULL,
  `sourceId` int(11) NOT NULL,
  `sourceLocale` char(12) COLLATE utf8_unicode_ci DEFAULT NULL,
  `targetId` int(11) NOT NULL,
  `sortOrder` smallint(6) DEFAULT NULL,
  `dateCreated` datetime NOT NULL,
  `dateUpdated` datetime NOT NULL,
  `uid` char(36) COLLATE utf8_unicode_ci NOT NULL DEFAULT '0',
  PRIMARY KEY (`id`),
  UNIQUE KEY `katr_relations_fieldId_sourceId_sourceLocale_targetId_unq_idx` (`fieldId`,`sourceId`,`sourceLocale`,`targetId`),
  KEY `katr_relations_sourceId_fk` (`sourceId`),
  KEY `katr_relations_sourceLocale_fk` (`sourceLocale`),
  KEY `katr_relations_targetId_fk` (`targetId`)
) ENGINE=InnoDB AUTO_INCREMENT=6 DEFAULT CHARSET=utf8 COLLATE=utf8_unicode_ci;

--
-- Data for table `katr_relations`
--

INSERT INTO `katr_relations` (`id`, `fieldId`, `sourceId`, `sourceLocale`, `targetId`, `sortOrder`, `dateCreated`, `dateUpdated`, `uid`) VALUES
 ('3', '22', '8', NULL, '90', '1', '2016-02-10 16:37:45', '2016-02-10 16:37:45', '4adf77e2-3ada-415a-8824-efc9737d322c'),
 ('5', '22', '7', NULL, '96', '1', '2016-02-10 16:44:46', '2016-02-10 16:44:46', '714536b6-dce7-4e90-be62-6a82107e49ef');



DROP TABLE IF EXISTS `katr_routes`;


--
-- Schema for table `katr_routes`
--
CREATE TABLE `katr_routes` (
  `id` int(11) NOT NULL AUTO_INCREMENT,
  `locale` char(12) COLLATE utf8_unicode_ci DEFAULT NULL,
  `urlParts` varchar(255) COLLATE utf8_unicode_ci NOT NULL,
  `urlPattern` varchar(255) COLLATE utf8_unicode_ci NOT NULL,
  `template` varchar(255) COLLATE utf8_unicode_ci NOT NULL,
  `sortOrder` tinyint(4) DEFAULT NULL,
  `dateCreated` datetime NOT NULL,
  `dateUpdated` datetime NOT NULL,
  `uid` char(36) COLLATE utf8_unicode_ci NOT NULL DEFAULT '0',
  PRIMARY KEY (`id`),
  UNIQUE KEY `katr_routes_urlPattern_unq_idx` (`urlPattern`),
  KEY `katr_routes_locale_idx` (`locale`)
) ENGINE=InnoDB DEFAULT CHARSET=utf8 COLLATE=utf8_unicode_ci;

DROP TABLE IF EXISTS `katr_searchindex`;


--
-- Schema for table `katr_searchindex`
--
CREATE TABLE `katr_searchindex` (
  `elementId` int(11) NOT NULL,
  `attribute` varchar(25) COLLATE utf8_unicode_ci NOT NULL,
  `fieldId` int(11) NOT NULL,
  `locale` char(12) COLLATE utf8_unicode_ci NOT NULL,
  `keywords` text COLLATE utf8_unicode_ci NOT NULL,
  PRIMARY KEY (`elementId`,`attribute`,`fieldId`,`locale`),
  FULLTEXT KEY `katr_searchindex_keywords_idx` (`keywords`)
) ENGINE=MyISAM DEFAULT CHARSET=utf8 COLLATE=utf8_unicode_ci;

--
-- Data for table `katr_searchindex`
--

INSERT INTO `katr_searchindex` (`elementId`, `attribute`, `fieldId`, `locale`, `keywords`) VALUES
 ('1', 'username', '0', 'cs', ' administrator '),
 ('1', 'firstname', '0', 'cs', ''),
 ('1', 'lastname', '0', 'cs', ''),
 ('1', 'fullname', '0', 'cs', ''),
 ('1', 'email', '0', 'cs', ' alexandr odoka cz '),
 ('1', 'slug', '0', 'cs', ''),
 ('2', 'slug', '0', 'cs', ' homepage '),
 ('2', 'title', '0', 'cs', ' katalog technických řesheni '),
 ('2', 'field', '1', 'cs', ' it s true this site doesn t have a whole lot of content yet but don t worry our web developers have just installed the cms and they re setting things up for the content editors this very moment soon koma katalog dev will be an oasis of fresh perspectives sharp analyses and astute opinions that will keep you coming back again and again '),
 ('3', 'field', '1', 'cs', ' craft is the cms that s powering koma katalog dev it s beautiful powerful flexible and easy to use and it s made by pixel tonic we can t wait to dive in and see what it s capable of this is even more captivating content which you couldn t see on the news index page because it was entered after a page break and the news index template only likes to show the content on the first page craft a nice alternative to word if you re making a website '),
 ('3', 'field', '2', 'cs', ''),
 ('3', 'slug', '0', 'cs', ' we just installed craft '),
 ('3', 'title', '0', 'cs', ' we just installed craft '),
 ('4', 'slug', '0', 'cs', ' test pages '),
 ('4', 'title', '0', 'cs', ' hlavni testovaci strana '),
 ('4', 'field', '1', 'cs', ' kousek z těla '),
 ('5', 'slug', '0', 'cs', ' výrobkove řady '),
 ('5', 'title', '0', 'cs', ' výrobkove řady '),
 ('6', 'slug', '0', 'cs', ' standard line c3 '),
 ('6', 'title', '0', 'cs', ' standard line c3 '),
 ('7', 'slug', '0', 'cs', ' economic line e3 '),
 ('7', 'title', '0', 'cs', ' economic line e3 '),
 ('8', 'slug', '0', 'cs', ' comfort line m3 '),
 ('8', 'title', '0', 'cs', ' comfort line m3 '),
 ('9', 'slug', '0', 'cs', ' store line z '),
 ('9', 'title', '0', 'cs', ' store line z '),
 ('10', 'slug', '0', 'cs', ' ramy '),
 ('10', 'title', '0', 'cs', ' ramy '),
 ('11', 'slug', '0', 'cs', ' typ c3 '),
 ('11', 'title', '0', 'cs', ' typ c3 '),
 ('12', 'slug', '0', 'cs', ' typ e3 '),
 ('12', 'title', '0', 'cs', ' typ e3 '),
 ('13', 'slug', '0', 'cs', ' typ m3 '),
 ('13', 'title', '0', 'cs', ' typ m3 '),
 ('14', 'slug', '0', 'cs', ' ploshne prvky '),
 ('14', 'title', '0', 'cs', ' ploshne prvky '),
 ('15', 'slug', '0', 'cs', ' strop a střecha '),
 ('15', 'title', '0', 'cs', ' strop a střecha '),
 ('16', 'slug', '0', 'cs', ' podlaha '),
 ('16', 'title', '0', 'cs', ' podlaha '),
 ('17', 'slug', '0', 'cs', ' stěny '),
 ('17', 'title', '0', 'cs', ' stěny '),
 ('18', 'slug', '0', 'cs', ' přichky '),
 ('18', 'title', '0', 'cs', ' přichky '),
 ('19', 'slug', '0', 'cs', ' povrchy '),
 ('19', 'title', '0', 'cs', ' povrchy '),
 ('20', 'slug', '0', 'cs', ' podlahove krytiny '),
 ('20', 'title', '0', 'cs', ' podlahove krytiny '),
 ('21', 'slug', '0', 'cs', ' dlazhby '),
 ('21', 'title', '0', 'cs', ' dlazhby '),
 ('22', 'slug', '0', 'cs', ' obklady '),
 ('22', 'title', '0', 'cs', ' obklady '),
 ('23', 'slug', '0', 'cs', ' natěry a nastřiky '),
 ('23', 'title', '0', 'cs', ' natěry a nastřiky '),
 ('24', 'slug', '0', 'cs', ' fasadni systemy '),
 ('24', 'title', '0', 'cs', ' fasadni systemy '),
 ('25', 'slug', '0', 'cs', ' vodorovný trapezový plech '),
 ('25', 'title', '0', 'cs', ' vodorovný trapezový plech '),
 ('26', 'slug', '0', 'cs', ' vysokotlaký laminat '),
 ('26', 'title', '0', 'cs', ' vysokotlaký laminat '),
 ('27', 'slug', '0', 'cs', ' zateplovaci system s omitkou '),
 ('27', 'title', '0', 'cs', ' zateplovaci system s omitkou '),
 ('28', 'slug', '0', 'cs', ' cemento vlaknite desky '),
 ('28', 'title', '0', 'cs', ' cemento vlaknite desky '),
 ('29', 'slug', '0', 'cs', ' bond '),
 ('29', 'title', '0', 'cs', ' bond '),
 ('30', 'slug', '0', 'cs', ' výplně otvorů '),
 ('30', 'title', '0', 'cs', ' výplně otvorů '),
 ('31', 'slug', '0', 'cs', ' okna '),
 ('31', 'title', '0', 'cs', ' okna '),
 ('32', 'slug', '0', 'cs', ' dveře '),
 ('32', 'title', '0', 'cs', ' dveře '),
 ('33', 'slug', '0', 'cs', ' instalace '),
 ('33', 'title', '0', 'cs', ' instalace '),
 ('34', 'slug', '0', 'cs', ' elektroinstalace '),
 ('34', 'title', '0', 'cs', ' elektroinstalace '),
 ('35', 'slug', '0', 'cs', ' zasuvky a vypinache '),
 ('35', 'title', '0', 'cs', ' zasuvky a vypinache '),
 ('36', 'slug', '0', 'cs', ' kabelove trasy '),
 ('36', 'title', '0', 'cs', ' kabelove trasy '),
 ('37', 'slug', '0', 'cs', ' svitidla '),
 ('37', 'title', '0', 'cs', ' svitidla '),
 ('38', 'slug', '0', 'cs', ' rozvaděche '),
 ('38', 'title', '0', 'cs', ' rozvaděche '),
 ('39', 'slug', '0', 'cs', ' elektricka topidla '),
 ('39', 'title', '0', 'cs', ' elektricka topidla '),
 ('40', 'slug', '0', 'cs', ' ventilatory '),
 ('40', 'title', '0', 'cs', ' ventilatory '),
 ('41', 'slug', '0', 'cs', ' klimatizace '),
 ('41', 'title', '0', 'cs', ' klimatizace '),
 ('42', 'slug', '0', 'cs', ' sanitarni vybaveni '),
 ('42', 'title', '0', 'cs', ' sanitarni vybaveni '),
 ('43', 'slug', '0', 'cs', ' vzduchotechnika '),
 ('43', 'title', '0', 'cs', ' vzduchotechnika '),
 ('44', 'slug', '0', 'cs', ' sanitarni keramika '),
 ('44', 'title', '0', 'cs', ' sanitarni keramika '),
 ('45', 'slug', '0', 'cs', ' zařizovaci předměty '),
 ('45', 'title', '0', 'cs', ' zařizovaci předměty '),
 ('46', 'slug', '0', 'cs', ' ohřivache vody '),
 ('46', 'title', '0', 'cs', ' ohřivache vody ');
INSERT INTO `katr_searchindex` (`elementId`, `attribute`, `fieldId`, `locale`, `keywords`) VALUES
 ('47', 'slug', '0', 'cs', ' potruni a armatury '),
 ('47', 'title', '0', 'cs', ' potruni a armatury '),
 ('48', 'slug', '0', 'cs', ' přislushenstvi '),
 ('48', 'title', '0', 'cs', ' přislushenstvi '),
 ('49', 'slug', '0', 'cs', ' schodishtě '),
 ('49', 'title', '0', 'cs', ' schodishtě '),
 ('50', 'slug', '0', 'cs', ' přistřeshky '),
 ('50', 'title', '0', 'cs', ' přistřeshky '),
 ('51', 'slug', '0', 'cs', ' sekundarni střecha '),
 ('51', 'title', '0', 'cs', ' sekundarni střecha '),
 ('52', 'slug', '0', 'cs', ' atika '),
 ('52', 'title', '0', 'cs', ' atika '),
 ('53', 'slug', '0', 'cs', ' ulozheni na zaklady '),
 ('53', 'title', '0', 'cs', ' ulozheni na zaklady '),
 ('54', 'slug', '0', 'cs', ' c3 '),
 ('54', 'title', '0', 'cs', ' c3 '),
 ('55', 'slug', '0', 'cs', ' m3 '),
 ('55', 'title', '0', 'cs', ' m3 '),
 ('56', 'slug', '0', 'cs', ' e3 '),
 ('56', 'title', '0', 'cs', ' e3 '),
 ('57', 'slug', '0', 'cs', ' zf '),
 ('57', 'title', '0', 'cs', ' zf '),
 ('58', 'slug', '0', 'cs', ' zl '),
 ('58', 'title', '0', 'cs', ' zl '),
 ('57', 'field', '3', 'cs', ' 0 '),
 ('58', 'field', '3', 'cs', ' 0 '),
 ('54', 'field', '3', 'cs', ' 1 '),
 ('55', 'field', '3', 'cs', ' 1 '),
 ('56', 'field', '3', 'cs', ' 1 '),
 ('59', 'slug', '0', 'cs', ' cz '),
 ('59', 'title', '0', 'cs', ' cheska republika '),
 ('60', 'slug', '0', 'cs', ' sk '),
 ('60', 'title', '0', 'cs', ' slovenska republika '),
 ('61', 'slug', '0', 'cs', ' d '),
 ('61', 'title', '0', 'cs', ' německo '),
 ('62', 'slug', '0', 'cs', ' ch '),
 ('62', 'title', '0', 'cs', ' shvýcarsko '),
 ('59', 'field', '4', 'cs', ' cz '),
 ('60', 'field', '4', 'cs', ' sk '),
 ('61', 'field', '4', 'cs', ' d '),
 ('62', 'field', '4', 'cs', ' ch '),
 ('63', 'field', '4', 'cs', ' nl '),
 ('63', 'slug', '0', 'cs', ' nizozemsko '),
 ('63', 'title', '0', 'cs', ' nizozemsko '),
 ('64', 'field', '4', 'cs', ' b '),
 ('64', 'slug', '0', 'cs', ' belgie '),
 ('64', 'title', '0', 'cs', ' belgie '),
 ('65', 'field', '4', 'cs', ' f '),
 ('65', 'slug', '0', 'cs', ' francie '),
 ('65', 'title', '0', 'cs', ' francie '),
 ('66', 'slug', '0', 'cs', ' ramy '),
 ('66', 'title', '0', 'cs', ' ramy '),
 ('67', 'slug', '0', 'cs', ' ploshne prvky '),
 ('67', 'title', '0', 'cs', ' ploshne prvky '),
 ('68', 'slug', '0', 'cs', ' podlaha '),
 ('68', 'title', '0', 'cs', ' podlaha '),
 ('69', 'slug', '0', 'cs', ' stěny '),
 ('69', 'title', '0', 'cs', ' stěny '),
 ('70', 'slug', '0', 'cs', ' fasadni systemy '),
 ('70', 'title', '0', 'cs', ' fasadni systemy '),
 ('71', 'slug', '0', 'cs', ' výplně otvorů '),
 ('71', 'title', '0', 'cs', ' výplně otvorů '),
 ('72', 'slug', '0', 'cs', ' okna '),
 ('72', 'title', '0', 'cs', ' okna '),
 ('73', 'slug', '0', 'cs', ' dveře '),
 ('73', 'title', '0', 'cs', ' dveře '),
 ('74', 'slug', '0', 'cs', ' přislushenstvi '),
 ('74', 'title', '0', 'cs', ' přislushenstvi '),
 ('75', 'slug', '0', 'cs', ' schodishtě '),
 ('75', 'title', '0', 'cs', ' schodishtě '),
 ('76', 'username', '0', 'cs', ' mhotovec '),
 ('76', 'firstname', '0', 'cs', ' michal '),
 ('76', 'lastname', '0', 'cs', ' hotovec '),
 ('76', 'fullname', '0', 'cs', ' michal hotovec '),
 ('76', 'email', '0', 'cs', ' michal hotovec gmail com '),
 ('76', 'slug', '0', 'cs', ''),
 ('78', 'username', '0', 'cs', ' testeditor '),
 ('78', 'lastname', '0', 'cs', ' hudechků '),
 ('78', 'firstname', '0', 'cs', ' lexyk '),
 ('78', 'fullname', '0', 'cs', ' lexyk hudechků '),
 ('78', 'email', '0', 'cs', ' lexislav centrum cz '),
 ('78', 'slug', '0', 'cs', ''),
 ('79', 'slug', '0', 'cs', ' výrobkove řady '),
 ('79', 'title', '0', 'cs', ' výrobkove řady '),
 ('80', 'filename', '0', 'cs', ' cz oknotherm technický list bezfalcove okno pdf '),
 ('80', 'extension', '0', 'cs', ' pdf '),
 ('80', 'kind', '0', 'cs', ' pdf '),
 ('80', 'slug', '0', 'cs', ' cz oknotherm technický list bezfalcove okno '),
 ('80', 'title', '0', 'cs', ' cz oknotherm technický list bezfalcove okno '),
 ('81', 'slug', '0', 'cs', ''),
 ('81', 'field', '1', 'cs', ''),
 ('81', 'field', '34', 'cs', ' koma modular facebook fa fa 2x fa facebook https www facebook com komamodular koma youtube channel fa fa 2x fa youtube play https www youtube com user topkomaspace koma modular twitter fa fa 2x fa twitter https twitter com komamodular '),
 ('82', 'field', '35', 'cs', ' koma modular facebook '),
 ('82', 'field', '36', 'cs', ' https www facebook com komamodular '),
 ('82', 'slug', '0', 'cs', ''),
 ('83', 'field', '35', 'cs', ' koma youtube channel '),
 ('83', 'field', '36', 'cs', ' https www youtube com user topkomaspace '),
 ('83', 'slug', '0', 'cs', ''),
 ('84', 'field', '35', 'cs', ' koma modular twitter '),
 ('84', 'field', '36', 'cs', ' https twitter com komamodular ');
INSERT INTO `katr_searchindex` (`elementId`, `attribute`, `fieldId`, `locale`, `keywords`) VALUES
 ('84', 'slug', '0', 'cs', ''),
 ('82', 'field', '37', 'cs', ' fa fa 2x fa facebook '),
 ('83', 'field', '37', 'cs', ' fa fa 2x fa youtube play '),
 ('84', 'field', '37', 'cs', ' fa fa 2x fa twitter '),
 ('85', 'field', '1', 'cs', ' koma modular je leader ve výrobě modularnich staveb pouzhivanim katalogu souhlasite s podminkami uzhivani katalogu '),
 ('85', 'slug', '0', 'cs', ''),
 ('85', 'field', '30', 'cs', ''),
 ('2', 'field', '30', 'cs', ' co je katr katr je katalog technických řesheni výrobků firmy koma modular s r o a objektů ktere jsou sestaveny z těchto výrobků komu je katalog urchen katr je primarně urchen vshem zajemcům o modularni výstavbu a zaměstnancům firmy koma modular s r o ke snadne orientaci standardizovaných technických řesheni ktere jsou odzkoushene a promyshlene výhody standardizovaných řesheni tato technicka řesheni zaruchuji nashim obchodnim partnerům cenove zvýhodněni a rychlou realizaci tedy plne vyuzhiti výhod modularni výstavby rychlost ekonomichnost atypicka řesheni firma koma modular s r o se nebrani atypickým řeshenim ale je nutne si uvědomit zhe tato si vyzhada delshi chas na technickou připravu odzkousheni a výrobu ktere se odrazi i ve vyshshi ceně konechneho produktu '),
 ('86', 'field', '31', 'cs', ' co je katr '),
 ('86', 'field', '32', 'cs', ' katr je katalog technických řesheni výrobků firmy koma modular s r o a objektů ktere jsou sestaveny z těchto výrobků '),
 ('86', 'field', '33', 'cs', ''),
 ('86', 'slug', '0', 'cs', ''),
 ('87', 'field', '31', 'cs', ' komu je katalog urchen '),
 ('87', 'field', '32', 'cs', ' katr je primarně urchen vshem zajemcům o modularni výstavbu a zaměstnancům firmy koma modular s r o ke snadne orientaci standardizovaných technických řesheni ktere jsou odzkoushene a promyshlene '),
 ('87', 'field', '33', 'cs', ''),
 ('87', 'slug', '0', 'cs', ''),
 ('88', 'field', '31', 'cs', ' výhody standardizovaných řesheni '),
 ('88', 'field', '32', 'cs', ' tato technicka řesheni zaruchuji nashim obchodnim partnerům cenove zvýhodněni a rychlou realizaci tedy plne vyuzhiti výhod modularni výstavby rychlost ekonomichnost '),
 ('88', 'field', '33', 'cs', ''),
 ('88', 'slug', '0', 'cs', ''),
 ('89', 'field', '31', 'cs', ' atypicka řesheni '),
 ('89', 'field', '32', 'cs', ' firma koma modular s r o se nebrani atypickým řeshenim ale je nutne si uvědomit zhe tato si vyzhada delshi chas na technickou připravu odzkousheni a výrobu ktere se odrazi i ve vyshshi ceně konechneho produktu '),
 ('89', 'field', '33', 'cs', ''),
 ('89', 'slug', '0', 'cs', ''),
 ('90', 'filename', '0', 'cs', ' m3_cj pdf '),
 ('90', 'extension', '0', 'cs', ' pdf '),
 ('90', 'kind', '0', 'cs', ' pdf '),
 ('90', 'slug', '0', 'cs', ' m3 cj '),
 ('90', 'title', '0', 'cs', ' technický list m3 '),
 ('6', 'field', '6', 'cs', ''),
 ('6', 'field', '1', 'cs', ''),
 ('8', 'field', '6', 'cs', ''),
 ('8', 'field', '1', 'cs', ' nizkoenergeticke modularni domy comfortline kdyzh se zeptate spokojených majitelů modularnich staveb co na nich nejvice oceňuji odpovi vam jasně tyto stavby jsou bezkonkurenchně mobilni shetři penize chas i přirodu některe nizkoenergeticke domy skutechně poskytuji velkou usporu oproti standardnim domům a to zejmena diky shetrným ekologickým a ekonomickým způsobům vytapěni a perfektnimu zatepleni fasady střechy a podlahy s minimalizaci tepelných mostů moduly splni i nejnarochnějshi přani take jste vzhdycky snili o tom zhe si nechate zkostruovat stavbu přesně podle vashich představ modularni domy udělaji ze snu skutechnost poskytuji totizh ohromnou variabilitu diky ktere se staly okamzhitě milachkem těch nejnarochnějshich klientů v modularnim domě můzhete uskutechnit sve podnikatelske plany modularni domy se s uspěchem uplatňuji ve shkolstvi ale i jako domovy pro seniory a v neposledni řadě uspokoji moderni představy o bydleni fasada můzhe být futuristicka i přirodni zachněme třeba u fasady vybirat můzhete z mnoha typů různých obkladových materialů různých vlastnosti někteři lide voli třeba supermoderni futuristicke obklady ktere daji objektu punc sci fi dalshi zakaznici pak zůstavaji při zemi a raději upřednostňuji přirodni a decentni materialy diky kterým modularni stavby lepe zapadnou do krajiny fantazii se opravdu meze nekladou vshe zavisi na architektovi jak pochopi přani investora a skloubi s mistem kde se planuje budouci stavba umistit vash dům můzhe mit obrovskou skleněnou stěnu fantazie ovshem můzhe zůstat ve hře i pote co vyberete fasadu vnějshi podobu objektu samozřejmě tvoři i okna a dveře jejich rozmistěni a velikost je opět jen a jen na vas modularni dům můzhe mit mala okna ale i obrovske skleněne stěny ktere do objektu pusti maximum slunechnich paprsků mnoho podob interieru řesheni samotneho interieru je pak opět na vas modularni domy poskytuji prostor pro koupelnu kuchyň kancelařske i spolechenske prostory jejich podobu urchite jedině vy mnoho podob můzhe mit i vnitřni obklad nebo podlahy chcete keramický obklad v koupelně a betonovou podlahu v kancelaři neni problem neobvyklou podobu celeho prostoru můzhou navic klidně umocnit krbova kamna stejne interierove povrchy podlah a stěn jako jsou pouzhivany při standardni výstavbě můzhete pouzhit i v modularni výstavbě k realizaci moduloveho domu přizvěte odborniky ke stavbě modulových domů rozhodně přizvěte odbornou a renomovanou firmu objekt objednate do několika měsiců vam ho vyrobi a vlastni stavba bude trvat doslova par dni pokud chcete při stavbě nove restaurace nebo kancelařskeho objektu ushetřit chas penize i nervy rozhodněte se pro modularni výstavbu '),
 ('6', 'field', '17', 'cs', ''),
 ('6', 'field', '18', 'cs', ''),
 ('6', 'field', '22', 'cs', ''),
 ('6', 'field', '23', 'cs', ''),
 ('6', 'field', '30', 'cs', ''),
 ('91', 'field', '31', 'cs', ''),
 ('91', 'field', '32', 'cs', ''),
 ('91', 'field', '33', 'cs', ''),
 ('91', 'slug', '0', 'cs', ''),
 ('8', 'field', '17', 'cs', ''),
 ('8', 'field', '18', 'cs', ''),
 ('8', 'field', '22', 'cs', ' technický list m3 '),
 ('8', 'field', '23', 'cs', ''),
 ('8', 'field', '30', 'cs', ''),
 ('92', 'field', '6', 'cs', ''),
 ('92', 'field', '1', 'cs', ''),
 ('92', 'field', '17', 'cs', ''),
 ('92', 'field', '18', 'cs', ''),
 ('92', 'field', '22', 'cs', ''),
 ('92', 'field', '23', 'cs', ''),
 ('92', 'field', '30', 'cs', ''),
 ('92', 'slug', '0', 'cs', ' obytne kontejnery c3l '),
 ('92', 'title', '0', 'cs', ' obytne kontejnery c3l '),
 ('93', 'field', '6', 'cs', ''),
 ('93', 'field', '1', 'cs', ''),
 ('93', 'field', '17', 'cs', ''),
 ('93', 'field', '18', 'cs', ''),
 ('93', 'field', '22', 'cs', ''),
 ('93', 'field', '23', 'cs', ''),
 ('93', 'field', '30', 'cs', ''),
 ('93', 'slug', '0', 'cs', ' sanitarni kontejnery c3s '),
 ('93', 'title', '0', 'cs', ' sanitarni kontejnery c3s '),
 ('94', 'field', '6', 'cs', ''),
 ('94', 'field', '1', 'cs', ''),
 ('94', 'field', '17', 'cs', ''),
 ('94', 'field', '18', 'cs', ''),
 ('94', 'field', '22', 'cs', ''),
 ('94', 'field', '23', 'cs', ''),
 ('94', 'field', '30', 'cs', ''),
 ('94', 'slug', '0', 'cs', ' variabilni kontejnery c3v '),
 ('94', 'title', '0', 'cs', ' variabilni kontejnery c3v '),
 ('95', 'field', '6', 'cs', ''),
 ('95', 'field', '1', 'cs', ''),
 ('95', 'field', '17', 'cs', ''),
 ('95', 'field', '18', 'cs', ''),
 ('95', 'field', '22', 'cs', ''),
 ('95', 'field', '23', 'cs', ''),
 ('95', 'field', '30', 'cs', ''),
 ('95', 'slug', '0', 'cs', ' variabilni skladatelne kontejnery c3vf '),
 ('95', 'title', '0', 'cs', ' variabilni skladatelne kontejnery c3vf '),
 ('96', 'filename', '0', 'cs', ' e3_cj pdf '),
 ('96', 'extension', '0', 'cs', ' pdf '),
 ('96', 'kind', '0', 'cs', ' pdf '),
 ('96', 'slug', '0', 'cs', ' e3 cj '),
 ('96', 'title', '0', 'cs', ' technický list e3 cj '),
 ('7', 'field', '6', 'cs', ''),
 ('7', 'field', '1', 'cs', ' unimo buňky stavebni buňky ať uzh chcete postavit kancelař shatnu nebo sklad specialni unimo buňky jsou jasným řeshenim unimo buňka je skladna snadno přemistitelna a poskytuje komfort který vas mozhna překvapi stavebni buňky nezatizhi vashi penězhenku a jejich instalace je chasově skutechně nenarochna poskytne vam to co potřebujete zateplený přistřeshek nad hlavou do ktereho nezateka rychle ubytujete třeba dělniky na stavbě unimo buňky jsou vshak schopne uspokojit narochne pozhadavky pokud potřebujete rychle ubytovat třeba dělniky na stavbě nebo zajistit mobilni kancelařske prostory nemůzhete vybrat lepe vyberete si design i velikost buňky podle vas odborni pracovnici vybavi i vnitřek buňky v nabidce jsou take různe typy zatepleni buňku můzhete kamkoliv odvezt unimo buňka chi stavebni buňka nemusi na svem mistě rozhodně stat na věchne chasy s pomoci jeřabu ji přemistite kamkoliv je mozhne ji take nalozhit a odvezt prych buňku si samozřejmě můzhete koupit na inzerat pokud ale chcete nejvyshshi kvalitu v inzeratech typu prodam stavebni buňku nehledejte spolehněte se raději na zkushenou a renomovanou firmu ktera vam vashi buňku perfektně vybavi a dopravi kamkoliv stavebni buňky prodej realizuji nejlepe zkushene a odborne firmy '),
 ('7', 'field', '17', 'cs', ''),
 ('7', 'field', '18', 'cs', ''),
 ('7', 'field', '22', 'cs', ' technický list e3 cj '),
 ('7', 'field', '23', 'cs', ''),
 ('7', 'field', '30', 'cs', ' pomahame lidem v nouzi navic nashe řesheni umozhňuje rozebrani buňky nebo dodani v jednotlivých elementech montazh obytných a sanitarnich buněk tak lze provadět bez pouzhiti jeřabu z těchto důvodů můzheme jednotlive elementy nashich obytných a sanitarnich buněk přepravovat ekonomicky v lodnich kontejnerech na ktereko li misto na světě v jednom dvacetistopem namořnim kontejneru lze přepravit elementy azh pro 8 obytných ekonomických buněk pomoci nashich buněk economicline pomahame tak lidem kteři se ocitli bez přistřeshi diky přirodnim nebo vojenským katastrofam vice o humanitarnich řesheni se dochtete na nashich firemni strankach '),
 ('97', 'field', '31', 'cs', ' pomahame lidem v nouzi '),
 ('97', 'field', '32', 'cs', ' navic nashe řesheni umozhňuje rozebrani buňky nebo dodani v jednotlivých elementech montazh obytných a sanitarnich buněk tak lze provadět bez pouzhiti jeřabu z těchto důvodů můzheme jednotlive elementy nashich obytných a sanitarnich buněk přepravovat ekonomicky v lodnich kontejnerech na ktereko li misto na světě v jednom dvacetistopem namořnim kontejneru lze přepravit elementy azh pro 8 obytných ekonomických buněk pomoci nashich buněk economicline pomahame tak lidem kteři se ocitli bez přistřeshi diky přirodnim nebo vojenským katastrofam vice o humanitarnich řesheni se dochtete na nashich firemni strankach '),
 ('97', 'field', '33', 'cs', ''),
 ('97', 'slug', '0', 'cs', '');



DROP TABLE IF EXISTS `katr_sections`;


--
-- Schema for table `katr_sections`
--
CREATE TABLE `katr_sections` (
  `id` int(11) NOT NULL AUTO_INCREMENT,
  `structureId` int(11) DEFAULT NULL,
  `name` varchar(255) COLLATE utf8_unicode_ci NOT NULL,
  `handle` varchar(255) COLLATE utf8_unicode_ci NOT NULL,
  `type` enum('single','channel','structure') COLLATE utf8_unicode_ci NOT NULL DEFAULT 'channel',
  `hasUrls` tinyint(1) unsigned NOT NULL DEFAULT '1',
  `template` varchar(500) COLLATE utf8_unicode_ci DEFAULT NULL,
  `enableVersioning` tinyint(1) unsigned NOT NULL DEFAULT '0',
  `dateCreated` datetime NOT NULL,
  `dateUpdated` datetime NOT NULL,
  `uid` char(36) COLLATE utf8_unicode_ci NOT NULL DEFAULT '0',
  PRIMARY KEY (`id`),
  UNIQUE KEY `katr_sections_name_unq_idx` (`name`),
  UNIQUE KEY `katr_sections_handle_unq_idx` (`handle`),
  KEY `katr_sections_structureId_fk` (`structureId`)
) ENGINE=InnoDB AUTO_INCREMENT=7 DEFAULT CHARSET=utf8 COLLATE=utf8_unicode_ci;

--
-- Data for table `katr_sections`
--

INSERT INTO `katr_sections` (`id`, `structureId`, `name`, `handle`, `type`, `hasUrls`, `template`, `enableVersioning`, `dateCreated`, `dateUpdated`, `uid`) VALUES
 ('1', NULL, 'Homepage', 'homepage', 'single', '1', 'index', '1', '2016-02-01 15:21:44', '2016-02-01 15:21:44', 'd6eb904a-3a36-4cd4-8e73-345b729b8c41'),
 ('2', NULL, 'Oznámení', 'oznameni', 'channel', '1', 'news/_entry', '1', '2016-02-01 15:21:44', '2016-02-02 12:18:11', 'ec07c650-ea9a-4810-92dd-62626174df3d'),
 ('3', '1', 'Ukázkové strany', 'testPages', 'structure', '1', 'test-pages/', '0', '2016-02-01 16:38:18', '2016-02-01 17:01:18', '950ebe9c-4ca7-4126-b67c-1b98cbf5206e'),
 ('4', '3', 'Katalog', 'katalog', 'structure', '1', 'katalog/_entry', '1', '2016-02-02 12:16:25', '2016-02-02 12:16:25', '0a728d74-d2f8-451c-bd0f-49818a103dbd'),
 ('5', '4', 'Dokumentace', 'dokumentace', 'structure', '1', 'dokumentace/_entry', '1', '2016-02-02 12:16:40', '2016-02-02 12:16:40', '2c4f7789-9a6d-494d-9e31-0b0ba9a83dae'),
 ('6', NULL, 'Položky', 'polozky', 'channel', '1', 'polozky/_entry', '1', '2016-02-02 12:17:09', '2016-02-02 12:17:09', '7c705b43-b13a-4390-b08f-8d58d08ccfb8');



DROP TABLE IF EXISTS `katr_sections_i18n`;


--
-- Schema for table `katr_sections_i18n`
--
CREATE TABLE `katr_sections_i18n` (
  `id` int(11) NOT NULL AUTO_INCREMENT,
  `sectionId` int(11) NOT NULL,
  `locale` char(12) COLLATE utf8_unicode_ci NOT NULL,
  `enabledByDefault` tinyint(1) unsigned NOT NULL DEFAULT '1',
  `urlFormat` text COLLATE utf8_unicode_ci,
  `nestedUrlFormat` text COLLATE utf8_unicode_ci,
  `dateCreated` datetime NOT NULL,
  `dateUpdated` datetime NOT NULL,
  `uid` char(36) COLLATE utf8_unicode_ci NOT NULL DEFAULT '0',
  PRIMARY KEY (`id`),
  UNIQUE KEY `katr_sections_i18n_sectionId_locale_unq_idx` (`sectionId`,`locale`),
  KEY `katr_sections_i18n_locale_fk` (`locale`)
) ENGINE=InnoDB AUTO_INCREMENT=7 DEFAULT CHARSET=utf8 COLLATE=utf8_unicode_ci;

--
-- Data for table `katr_sections_i18n`
--

INSERT INTO `katr_sections_i18n` (`id`, `sectionId`, `locale`, `enabledByDefault`, `urlFormat`, `nestedUrlFormat`, `dateCreated`, `dateUpdated`, `uid`) VALUES
 ('1', '1', 'cs', '1', '__home__', NULL, '2016-02-01 15:21:44', '2016-02-01 15:21:44', 'b2b82ee3-bbff-4801-86a0-6d54e3eeaf6f'),
 ('2', '2', 'cs', '0', 'oznameni/{postDate.year}/{slug}', NULL, '2016-02-01 15:21:44', '2016-02-02 12:16:00', '5f9aee8a-1e3c-4fd2-ab21-6ca438e0ced5'),
 ('3', '3', 'cs', '0', '{slug}', 'test-pages/{slug}', '2016-02-01 16:38:18', '2016-02-01 17:00:53', '787c1e3d-9007-4428-8212-705f102d732d'),
 ('4', '4', 'cs', '0', 'katalog/{slug}', '{parent.uri}/{slug}', '2016-02-02 12:16:25', '2016-02-02 12:16:25', '92ae201d-be6b-4548-a074-498e7919f16d'),
 ('5', '5', 'cs', '0', 'dokumentace/{slug}', '{parent.uri}/{slug}', '2016-02-02 12:16:40', '2016-02-02 12:16:40', 'bb115d43-edba-41ec-bb7a-ddc3a1f2e51b'),
 ('6', '6', 'cs', '0', 'polozky/{slug}', NULL, '2016-02-02 12:17:09', '2016-02-02 12:17:09', '35cbb254-5504-4fc1-b957-a8e39339c02c');



DROP TABLE IF EXISTS `katr_sessions`;


--
-- Schema for table `katr_sessions`
--
CREATE TABLE `katr_sessions` (
  `id` int(11) NOT NULL AUTO_INCREMENT,
  `userId` int(11) NOT NULL,
  `token` char(100) COLLATE utf8_unicode_ci NOT NULL,
  `dateCreated` datetime NOT NULL,
  `dateUpdated` datetime NOT NULL,
  `uid` char(36) COLLATE utf8_unicode_ci NOT NULL DEFAULT '0',
  PRIMARY KEY (`id`),
  KEY `katr_sessions_uid_idx` (`uid`),
  KEY `katr_sessions_token_idx` (`token`),
  KEY `katr_sessions_dateUpdated_idx` (`dateUpdated`),
  KEY `katr_sessions_userId_fk` (`userId`)
) ENGINE=InnoDB AUTO_INCREMENT=21 DEFAULT CHARSET=utf8 COLLATE=utf8_unicode_ci;

DROP TABLE IF EXISTS `katr_shunnedmessages`;


--
-- Schema for table `katr_shunnedmessages`
--
CREATE TABLE `katr_shunnedmessages` (
  `id` int(11) NOT NULL AUTO_INCREMENT,
  `userId` int(11) NOT NULL,
  `message` varchar(255) COLLATE utf8_unicode_ci NOT NULL,
  `expiryDate` datetime DEFAULT NULL,
  `dateCreated` datetime NOT NULL,
  `dateUpdated` datetime NOT NULL,
  `uid` char(36) COLLATE utf8_unicode_ci NOT NULL DEFAULT '0',
  PRIMARY KEY (`id`),
  UNIQUE KEY `katr_shunnedmessages_userId_message_unq_idx` (`userId`,`message`)
) ENGINE=InnoDB DEFAULT CHARSET=utf8 COLLATE=utf8_unicode_ci;

DROP TABLE IF EXISTS `katr_structureelements`;


--
-- Schema for table `katr_structureelements`
--
CREATE TABLE `katr_structureelements` (
  `id` int(11) NOT NULL AUTO_INCREMENT,
  `structureId` int(11) NOT NULL,
  `elementId` int(11) DEFAULT NULL,
  `root` int(11) unsigned DEFAULT NULL,
  `lft` int(11) unsigned NOT NULL,
  `rgt` int(11) unsigned NOT NULL,
  `level` smallint(6) unsigned NOT NULL,
  `dateCreated` datetime NOT NULL,
  `dateUpdated` datetime NOT NULL,
  `uid` char(36) COLLATE utf8_unicode_ci NOT NULL DEFAULT '0',
  PRIMARY KEY (`id`),
  UNIQUE KEY `katr_structureelements_structureId_elementId_unq_idx` (`structureId`,`elementId`),
  KEY `katr_structureelements_root_idx` (`root`),
  KEY `katr_structureelements_lft_idx` (`lft`),
  KEY `katr_structureelements_rgt_idx` (`rgt`),
  KEY `katr_structureelements_level_idx` (`level`),
  KEY `katr_structureelements_elementId_fk` (`elementId`)
) ENGINE=InnoDB AUTO_INCREMENT=83 DEFAULT CHARSET=utf8 COLLATE=utf8_unicode_ci;

--
-- Data for table `katr_structureelements`
--

INSERT INTO `katr_structureelements` (`id`, `structureId`, `elementId`, `root`, `lft`, `rgt`, `level`, `dateCreated`, `dateUpdated`, `uid`) VALUES
 ('1', '1', NULL, '1', '1', '4', '0', '2016-02-01 16:39:08', '2016-02-01 16:39:08', '9eb281b0-0116-41fa-a75c-bba4bf1a9284'),
 ('2', '1', '4', '1', '2', '3', '1', '2016-02-01 16:39:08', '2016-02-01 16:39:08', 'f2199186-bc15-4d39-aa70-0e102e1c4b4c'),
 ('3', '3', NULL, '3', '1', '108', '0', '2016-02-02 12:25:41', '2016-02-02 12:25:41', '6b6557b8-aec5-4b51-a3e3-8b0f94f36a72'),
 ('4', '3', '5', '3', '2', '19', '1', '2016-02-02 12:25:41', '2016-02-02 12:25:41', '67b83a2a-875a-453e-affa-98b8f33446f6'),
 ('5', '3', '6', '3', '5', '14', '2', '2016-02-02 12:25:56', '2016-02-02 12:25:56', '39b3c634-04dd-481c-a527-59ef20f4df96'),
 ('6', '3', '7', '3', '15', '16', '2', '2016-02-02 12:26:10', '2016-02-02 12:26:10', 'b3c1019b-13fb-4de0-917a-3ba7fbecc283'),
 ('7', '3', '8', '3', '3', '4', '2', '2016-02-02 12:26:34', '2016-02-02 12:26:34', 'ff5dce4b-ac3e-4c9c-a173-8fd833541108'),
 ('8', '3', '9', '3', '17', '18', '2', '2016-02-02 12:26:47', '2016-02-02 12:26:47', '4c5855ac-c7dd-4bff-9674-d6d5c16c40a1'),
 ('9', '3', '10', '3', '20', '27', '1', '2016-02-02 12:27:05', '2016-02-02 12:27:05', '41c36ec6-c0dd-40d8-a360-6c02fdc0819f'),
 ('10', '3', '11', '3', '21', '22', '2', '2016-02-02 12:27:18', '2016-02-02 12:27:18', '9071a8d5-fcb0-4b82-b6aa-b6a5bec5d2cc'),
 ('11', '3', '12', '3', '23', '24', '2', '2016-02-02 12:27:30', '2016-02-02 12:27:30', 'f9f7c9d7-0498-4c2a-92cd-6fd3f92b49b6'),
 ('12', '3', '13', '3', '25', '26', '2', '2016-02-02 12:27:41', '2016-02-02 12:27:41', '5edf6fc5-1bd1-4e35-8a60-7cfc80b67c4a'),
 ('13', '3', '14', '3', '28', '59', '1', '2016-02-02 12:28:03', '2016-02-02 12:28:03', '3ca63a7d-0129-44b5-81c4-03056686699c'),
 ('14', '3', '15', '3', '29', '30', '2', '2016-02-02 12:28:14', '2016-02-02 12:28:14', 'b383d1a5-732c-4c8c-8781-8d76e2c12ed9'),
 ('15', '3', '16', '3', '31', '32', '2', '2016-02-02 12:28:29', '2016-02-02 12:28:29', 'a382c70e-b36c-42eb-b327-779b1bbe2441'),
 ('16', '3', '17', '3', '33', '34', '2', '2016-02-02 12:28:46', '2016-02-02 12:28:46', 'f6e8c13d-4762-4c49-bd6a-bd580922685e'),
 ('17', '3', '18', '3', '35', '36', '2', '2016-02-02 12:29:00', '2016-02-02 12:29:00', '02f83e43-87e0-4af3-a014-b4033451e1bb'),
 ('18', '3', '19', '3', '37', '46', '2', '2016-02-02 12:29:22', '2016-02-02 12:29:22', 'a1a94566-b518-4666-8370-86f0fac01955'),
 ('19', '3', '20', '3', '38', '39', '3', '2016-02-02 12:29:35', '2016-02-02 12:29:35', '0ff01d7b-047c-4eff-a42a-40faa1993d10'),
 ('20', '3', '21', '3', '40', '41', '3', '2016-02-02 12:29:48', '2016-02-02 12:29:48', '6976b4f4-f1ee-4cef-9a95-61c6f41ed39f'),
 ('21', '3', '22', '3', '42', '43', '3', '2016-02-02 12:30:10', '2016-02-02 12:30:10', 'e5d7149a-ce8a-450f-8b3c-f15aae57ee27'),
 ('22', '3', '23', '3', '44', '45', '3', '2016-02-02 12:30:27', '2016-02-02 12:30:27', '88dc7cdf-5c91-456a-97b5-c7142f48dac8'),
 ('23', '3', '24', '3', '47', '58', '2', '2016-02-02 12:30:42', '2016-02-02 12:30:42', '7d59d822-d0c4-48e2-a328-0fbb63475996'),
 ('24', '3', '25', '3', '48', '49', '3', '2016-02-02 12:31:04', '2016-02-02 12:31:04', 'f143cf4a-b59f-4dc5-b7ca-a3fee1424a68'),
 ('25', '3', '26', '3', '50', '51', '3', '2016-02-02 12:31:40', '2016-02-02 12:31:40', '62494f94-0b62-4891-a444-e0ae8007d09c'),
 ('26', '3', '27', '3', '52', '53', '3', '2016-02-02 12:31:53', '2016-02-02 12:31:53', '72bdff87-3b1d-4d59-a2e8-485dee37a99e'),
 ('27', '3', '28', '3', '54', '55', '3', '2016-02-02 12:32:01', '2016-02-02 12:32:01', '8b6fc9d3-b5b2-4b55-8864-6f4228dfd0be'),
 ('28', '3', '29', '3', '56', '57', '3', '2016-02-02 12:32:08', '2016-02-02 12:32:08', '4761329d-5f9f-4b1f-8234-ebae1deebd89'),
 ('29', '3', '30', '3', '60', '65', '1', '2016-02-02 12:32:28', '2016-02-02 12:32:28', 'fb24c054-387d-419a-b4fc-e7397d9808a2'),
 ('30', '3', '31', '3', '61', '62', '2', '2016-02-02 12:33:05', '2016-02-02 12:33:05', 'a6cce442-ae58-4c7f-8782-d3a52b34d364'),
 ('31', '3', '32', '3', '63', '64', '2', '2016-02-02 12:33:12', '2016-02-02 12:33:12', 'c12e2f25-31c7-4223-bacc-98aec2e99a7c'),
 ('32', '3', '33', '3', '66', '95', '1', '2016-02-02 12:33:30', '2016-02-02 12:33:30', '6e1ae287-161b-454b-8535-eeaed85c98ac'),
 ('33', '3', '34', '3', '67', '82', '2', '2016-02-02 12:33:52', '2016-02-02 12:33:52', 'c44a6b6e-0f2f-4531-9dc1-603d2a1a27bc'),
 ('34', '3', '35', '3', '68', '69', '3', '2016-02-02 12:34:40', '2016-02-02 12:34:40', '02cd048a-0144-4a04-8620-8011568f3219'),
 ('35', '3', '36', '3', '70', '71', '3', '2016-02-02 12:34:53', '2016-02-02 12:34:53', '93748aa1-4c29-42d1-9549-eae9d3b2d3aa'),
 ('36', '3', '37', '3', '72', '73', '3', '2016-02-02 12:35:05', '2016-02-02 12:35:05', 'abb22655-87af-43c9-8f44-16e8aff2951f'),
 ('37', '3', '38', '3', '74', '75', '3', '2016-02-02 12:35:14', '2016-02-02 12:35:14', 'a3af2e46-f6bc-4371-b5e8-7afffe092528'),
 ('38', '3', '39', '3', '76', '77', '3', '2016-02-02 12:35:27', '2016-02-02 12:35:27', '355c31d2-a250-4327-8c42-7d870d52c952'),
 ('39', '3', '40', '3', '78', '79', '3', '2016-02-02 12:35:39', '2016-02-02 12:35:39', '4cbad56e-4182-4c71-96fd-5603d01adc50'),
 ('40', '3', '41', '3', '80', '81', '3', '2016-02-02 12:35:48', '2016-02-02 12:35:48', 'ab5634e9-86f2-4b83-bfa5-bbef5be8e112'),
 ('41', '3', '42', '3', '83', '92', '2', '2016-02-02 12:36:12', '2016-02-02 12:36:12', '5c2ee6fc-a4e1-4863-8e4e-a60552ed3725'),
 ('42', '3', '43', '3', '93', '94', '2', '2016-02-02 12:36:22', '2016-02-02 12:36:22', 'a13e4e29-8a37-4cad-a17d-79ddf9d1adbd'),
 ('43', '3', '44', '3', '84', '85', '3', '2016-02-02 12:37:07', '2016-02-02 12:37:07', '98ac7440-db79-4419-b355-ffec9348cc11'),
 ('44', '3', '45', '3', '86', '87', '3', '2016-02-02 12:37:16', '2016-02-02 12:37:16', '928a6f0b-b986-4efe-8a71-188784eb5fc2'),
 ('45', '3', '46', '3', '88', '89', '3', '2016-02-02 12:37:24', '2016-02-02 12:37:24', 'fa983909-2995-4df6-be9a-79787e93f427'),
 ('46', '3', '47', '3', '90', '91', '3', '2016-02-02 12:37:34', '2016-02-02 12:37:34', '3eeab616-1c64-4ebe-aa89-2e8bead7d387'),
 ('47', '3', '48', '3', '96', '107', '1', '2016-02-02 12:38:08', '2016-02-02 12:38:08', '05e7fa4d-d09c-40ef-89be-f59e101ffeba'),
 ('48', '3', '49', '3', '97', '98', '2', '2016-02-02 12:38:38', '2016-02-02 12:38:38', '21386da4-533c-4383-94e3-9c77174899c9'),
 ('49', '3', '50', '3', '99', '100', '2', '2016-02-02 12:38:46', '2016-02-02 12:38:46', '01b39df0-900b-485f-8ece-528cbba6d28a'),
 ('50', '3', '51', '3', '101', '102', '2', '2016-02-02 12:38:55', '2016-02-02 12:38:55', 'c957383b-f346-4ccc-beae-d33992f9e170'),
 ('51', '3', '52', '3', '103', '104', '2', '2016-02-02 12:39:02', '2016-02-02 12:39:02', '69e4f4ac-8bb8-4782-b456-aef39680ecb3'),
 ('52', '3', '53', '3', '105', '106', '2', '2016-02-02 12:39:09', '2016-02-02 12:39:09', 'ff402b7b-449d-4731-8427-04cb79019c31'),
 ('53', '5', NULL, '53', '1', '12', '0', '2016-02-02 12:41:48', '2016-02-02 12:41:48', 'd2763bd8-1866-4981-b249-562eeb7cb912'),
 ('54', '5', '54', '53', '2', '3', '1', '2016-02-02 12:41:48', '2016-02-02 12:41:48', '08d0d37d-5583-474e-a355-4983df4bc861'),
 ('55', '5', '55', '53', '4', '5', '1', '2016-02-02 12:41:55', '2016-02-02 12:41:55', 'b8bb11c6-9a83-4ce9-9762-9e8648b356ef'),
 ('56', '5', '56', '53', '6', '7', '1', '2016-02-02 12:42:14', '2016-02-02 12:42:14', '33523bf0-1297-43a9-8090-e20b22d6c42f'),
 ('57', '5', '57', '53', '8', '9', '1', '2016-02-02 12:42:37', '2016-02-02 12:42:37', '20ed9213-b201-4923-85be-aefd7e3e9752'),
 ('58', '5', '58', '53', '10', '11', '1', '2016-02-02 12:42:43', '2016-02-02 12:42:43', '98bc0f8b-a04b-41e6-93d3-1e3416473190'),
 ('59', '9', NULL, '59', '1', '16', '0', '2016-02-02 12:45:26', '2016-02-02 12:45:26', '800d7762-4532-4419-84b4-ff513bdbd1c8'),
 ('60', '9', '59', '59', '2', '3', '1', '2016-02-02 12:45:26', '2016-02-02 12:45:26', '807888b5-4c4a-4180-8aaf-095e1ba18ff6'),
 ('61', '9', '60', '59', '4', '5', '1', '2016-02-02 12:45:38', '2016-02-02 12:45:38', '8f87e1a0-b3ca-485e-9ac6-c5d6b3d65cfa'),
 ('62', '9', '61', '59', '6', '7', '1', '2016-02-02 12:45:41', '2016-02-02 12:45:41', '8f165952-0534-45bb-b897-7012bb1ba00f'),
 ('63', '9', '62', '59', '8', '9', '1', '2016-02-02 12:45:51', '2016-02-02 12:45:51', '35c7619e-e174-4846-a6f7-ab5da8342528'),
 ('64', '9', '63', '59', '10', '11', '1', '2016-02-02 12:49:18', '2016-02-02 12:49:18', '8b4e4301-192a-437c-8278-cf9509745cd8'),
 ('65', '9', '64', '59', '12', '13', '1', '2016-02-02 12:49:30', '2016-02-02 12:49:30', 'f646183f-3719-4734-8d68-f38f413613cf'),
 ('66', '9', '65', '59', '14', '15', '1', '2016-02-02 12:49:35', '2016-02-02 12:49:35', 'f54231b2-a454-420f-8049-e8c5dd765226'),
 ('67', '2', NULL, '67', '1', '24', '0', '2016-02-02 12:50:06', '2016-02-02 12:50:06', '5653d8cf-4a7e-4b81-b02f-09bdc31a31d8'),
 ('68', '2', '66', '67', '4', '5', '1', '2016-02-02 12:50:06', '2016-02-02 12:50:06', '499675e5-3cae-42de-a3de-b11636c16d37'),
 ('69', '2', '67', '67', '6', '13', '1', '2016-02-02 12:50:16', '2016-02-02 12:50:16', '9d3f38a6-d3e5-47ae-80d0-c66468476960'),
 ('70', '2', '68', '67', '7', '8', '2', '2016-02-02 12:50:33', '2016-02-02 12:50:33', '042727a0-4216-498a-9dd7-4a84ebcc158e'),
 ('71', '2', '69', '67', '9', '10', '2', '2016-02-02 12:50:48', '2016-02-02 12:50:48', 'c33dcdc0-d698-4514-a198-e0c75a5c92e6'),
 ('72', '2', '70', '67', '11', '12', '2', '2016-02-02 12:50:55', '2016-02-02 12:50:55', 'b9bd403a-803d-4597-ac15-276b60d377ff'),
 ('73', '2', '71', '67', '14', '19', '1', '2016-02-02 12:51:11', '2016-02-02 12:51:11', '887e1f13-fb13-467c-b7e9-e699843141ac'),
 ('74', '2', '72', '67', '15', '16', '2', '2016-02-02 12:51:27', '2016-02-02 12:51:27', '7beb0968-dc09-4615-ab81-8aa1c02c2939'),
 ('75', '2', '73', '67', '17', '18', '2', '2016-02-02 12:51:33', '2016-02-02 12:51:33', '9a9871ba-eb3a-444a-b4b2-6c83268ad563'),
 ('76', '2', '74', '67', '20', '23', '1', '2016-02-02 12:51:50', '2016-02-02 12:51:50', 'e235061b-dcc1-40fb-b2c0-acb813316a9f'),
 ('77', '2', '75', '67', '21', '22', '2', '2016-02-02 12:52:01', '2016-02-02 12:52:01', '7fb0ec18-872e-482d-85ed-25c1010ee2d0'),
 ('78', '2', '79', '67', '2', '3', '1', '2016-02-06 10:33:43', '2016-02-06 10:33:43', '57e26f52-e37d-49ba-9666-2aa7b1d5d168'),
 ('79', '3', '92', '3', '6', '7', '3', '2016-02-10 16:38:41', '2016-02-10 16:38:41', '3e8dfb5f-d9b6-4166-91f1-28b17a4656a9'),
 ('80', '3', '93', '3', '8', '9', '3', '2016-02-10 16:39:30', '2016-02-10 16:39:30', '0f5a5621-9f6b-4d59-ae0b-eb80a1a61be7'),
 ('81', '3', '94', '3', '10', '11', '3', '2016-02-10 16:39:48', '2016-02-10 16:39:48', '3ee6cffc-c479-469a-b876-3c1c6ef65744'),
 ('82', '3', '95', '3', '12', '13', '3', '2016-02-10 16:40:32', '2016-02-10 16:40:32', 'a68bdef8-0d07-436e-8c63-eb6c2fa4e600');



DROP TABLE IF EXISTS `katr_structures`;


--
-- Schema for table `katr_structures`
--
CREATE TABLE `katr_structures` (
  `id` int(11) NOT NULL AUTO_INCREMENT,
  `maxLevels` smallint(6) unsigned DEFAULT NULL,
  `dateCreated` datetime NOT NULL,
  `dateUpdated` datetime NOT NULL,
  `uid` char(36) COLLATE utf8_unicode_ci NOT NULL DEFAULT '0',
  PRIMARY KEY (`id`)
) ENGINE=InnoDB AUTO_INCREMENT=10 DEFAULT CHARSET=utf8 COLLATE=utf8_unicode_ci;

--
-- Data for table `katr_structures`
--

INSERT INTO `katr_structures` (`id`, `maxLevels`, `dateCreated`, `dateUpdated`, `uid`) VALUES
 ('1', '2', '2016-02-01 16:38:18', '2016-02-01 17:01:18', '3a4a099a-f62f-4ac6-8b9b-2f4f2923b62d'),
 ('2', NULL, '2016-02-02 12:14:29', '2016-02-02 12:14:29', 'dfbc92c8-9a6e-4779-b0a6-2a35a166c322'),
 ('3', NULL, '2016-02-02 12:16:25', '2016-02-02 12:16:25', '8808024e-5cd2-46a0-b5e6-3260afdd6186'),
 ('4', NULL, '2016-02-02 12:16:40', '2016-02-02 12:16:40', '09c464ca-7c0c-4e4f-86b7-ef3baeaba0b4'),
 ('5', NULL, '2016-02-02 12:20:48', '2016-02-02 12:44:11', '45988c3f-7716-4d5a-afa8-0202325f4917'),
 ('6', NULL, '2016-02-02 12:22:32', '2016-02-02 12:22:32', '42796016-b1b4-4be1-9754-317ffa546c9d'),
 ('7', NULL, '2016-02-02 12:22:54', '2016-02-02 12:22:54', '82872f01-3740-4cc3-aaca-a70fe5a196b4'),
 ('8', NULL, '2016-02-02 12:24:01', '2016-02-02 12:24:01', '43b39117-4f0b-432a-be29-5c18e5298ecb'),
 ('9', NULL, '2016-02-02 12:41:06', '2016-02-02 12:48:07', '5ca37947-5f75-4ecd-a23a-914d40c408d9');



DROP TABLE IF EXISTS `katr_systemsettings`;


--
-- Schema for table `katr_systemsettings`
--
CREATE TABLE `katr_systemsettings` (
  `id` int(11) NOT NULL AUTO_INCREMENT,
  `category` varchar(15) COLLATE utf8_unicode_ci NOT NULL,
  `settings` text COLLATE utf8_unicode_ci,
  `dateCreated` datetime NOT NULL,
  `dateUpdated` datetime NOT NULL,
  `uid` char(36) COLLATE utf8_unicode_ci NOT NULL DEFAULT '0',
  PRIMARY KEY (`id`),
  UNIQUE KEY `katr_systemsettings_category_unq_idx` (`category`)
) ENGINE=InnoDB AUTO_INCREMENT=2 DEFAULT CHARSET=utf8 COLLATE=utf8_unicode_ci;

--
-- Data for table `katr_systemsettings`
--

INSERT INTO `katr_systemsettings` (`id`, `category`, `settings`, `dateCreated`, `dateUpdated`, `uid`) VALUES
 ('1', 'email', '{\"template\":\"\",\"protocol\":\"sendmail\",\"emailAddress\":\"noreply@koma-modular.cz\",\"senderName\":\"KATR - Katalog technick\\u00fdch \\u0159e\\u0161en\\u00ed KOMA\"}', '2016-02-01 15:21:44', '2016-02-09 17:31:47', 'd2ae3df9-914b-43e0-a392-9cc3f34d7eb9');



DROP TABLE IF EXISTS `katr_taggroups`;


--
-- Schema for table `katr_taggroups`
--
CREATE TABLE `katr_taggroups` (
  `id` int(11) NOT NULL AUTO_INCREMENT,
  `name` varchar(255) COLLATE utf8_unicode_ci NOT NULL,
  `handle` varchar(255) COLLATE utf8_unicode_ci NOT NULL,
  `fieldLayoutId` int(10) DEFAULT NULL,
  `dateCreated` datetime NOT NULL,
  `dateUpdated` datetime NOT NULL,
  `uid` char(36) COLLATE utf8_unicode_ci NOT NULL DEFAULT '0',
  PRIMARY KEY (`id`),
  UNIQUE KEY `katr_taggroups_name_unq_idx` (`name`),
  UNIQUE KEY `katr_taggroups_handle_unq_idx` (`handle`),
  KEY `katr_taggroups_fieldLayoutId_fk` (`fieldLayoutId`)
) ENGINE=InnoDB DEFAULT CHARSET=utf8 COLLATE=utf8_unicode_ci;

DROP TABLE IF EXISTS `katr_tags`;


--
-- Schema for table `katr_tags`
--
CREATE TABLE `katr_tags` (
  `id` int(11) NOT NULL,
  `groupId` int(11) NOT NULL,
  `dateCreated` datetime NOT NULL,
  `dateUpdated` datetime NOT NULL,
  `uid` char(36) COLLATE utf8_unicode_ci NOT NULL DEFAULT '0',
  PRIMARY KEY (`id`),
  KEY `katr_tags_groupId_fk` (`groupId`)
) ENGINE=InnoDB DEFAULT CHARSET=utf8 COLLATE=utf8_unicode_ci;

DROP TABLE IF EXISTS `katr_tasks`;


--
-- Schema for table `katr_tasks`
--
CREATE TABLE `katr_tasks` (
  `id` int(11) NOT NULL AUTO_INCREMENT,
  `root` int(11) unsigned DEFAULT NULL,
  `lft` int(11) unsigned NOT NULL,
  `rgt` int(11) unsigned NOT NULL,
  `level` smallint(6) unsigned NOT NULL,
  `currentStep` int(11) unsigned DEFAULT NULL,
  `totalSteps` int(11) unsigned DEFAULT NULL,
  `status` enum('pending','error','running') COLLATE utf8_unicode_ci DEFAULT NULL,
  `type` varchar(150) COLLATE utf8_unicode_ci NOT NULL,
  `description` varchar(255) COLLATE utf8_unicode_ci DEFAULT NULL,
  `settings` text COLLATE utf8_unicode_ci,
  `dateCreated` datetime NOT NULL,
  `dateUpdated` datetime NOT NULL,
  `uid` char(36) COLLATE utf8_unicode_ci NOT NULL DEFAULT '0',
  PRIMARY KEY (`id`),
  KEY `katr_tasks_root_idx` (`root`),
  KEY `katr_tasks_lft_idx` (`lft`),
  KEY `katr_tasks_rgt_idx` (`rgt`),
  KEY `katr_tasks_level_idx` (`level`)
) ENGINE=InnoDB AUTO_INCREMENT=25 DEFAULT CHARSET=utf8 COLLATE=utf8_unicode_ci;

DROP TABLE IF EXISTS `katr_templatecachecriteria`;


--
-- Schema for table `katr_templatecachecriteria`
--
CREATE TABLE `katr_templatecachecriteria` (
  `id` int(11) NOT NULL AUTO_INCREMENT,
  `cacheId` int(11) NOT NULL,
  `type` varchar(150) COLLATE utf8_unicode_ci NOT NULL,
  `criteria` text COLLATE utf8_unicode_ci NOT NULL,
  PRIMARY KEY (`id`),
  KEY `katr_templatecachecriteria_cacheId_fk` (`cacheId`),
  KEY `katr_templatecachecriteria_type_idx` (`type`)
) ENGINE=InnoDB DEFAULT CHARSET=utf8 COLLATE=utf8_unicode_ci;

DROP TABLE IF EXISTS `katr_templatecacheelements`;


--
-- Schema for table `katr_templatecacheelements`
--
CREATE TABLE `katr_templatecacheelements` (
  `cacheId` int(11) NOT NULL,
  `elementId` int(11) NOT NULL,
  KEY `katr_templatecacheelements_cacheId_fk` (`cacheId`),
  KEY `katr_templatecacheelements_elementId_fk` (`elementId`)
) ENGINE=InnoDB DEFAULT CHARSET=utf8 COLLATE=utf8_unicode_ci;

DROP TABLE IF EXISTS `katr_templatecaches`;


--
-- Schema for table `katr_templatecaches`
--
CREATE TABLE `katr_templatecaches` (
  `id` int(11) NOT NULL AUTO_INCREMENT,
  `cacheKey` varchar(255) COLLATE utf8_unicode_ci NOT NULL,
  `locale` char(12) COLLATE utf8_unicode_ci NOT NULL,
  `path` varchar(255) COLLATE utf8_unicode_ci DEFAULT NULL,
  `expiryDate` datetime NOT NULL,
  `body` mediumtext COLLATE utf8_unicode_ci NOT NULL,
  PRIMARY KEY (`id`),
  KEY `katr_templatecaches_expiryDate_cacheKey_locale_path_idx` (`expiryDate`,`cacheKey`,`locale`,`path`),
  KEY `katr_templatecaches_locale_fk` (`locale`)
) ENGINE=InnoDB DEFAULT CHARSET=utf8 COLLATE=utf8_unicode_ci;

DROP TABLE IF EXISTS `katr_tokens`;


--
-- Schema for table `katr_tokens`
--
CREATE TABLE `katr_tokens` (
  `id` int(11) NOT NULL AUTO_INCREMENT,
  `token` char(32) COLLATE utf8_unicode_ci NOT NULL,
  `route` text COLLATE utf8_unicode_ci,
  `usageLimit` tinyint(3) unsigned DEFAULT NULL,
  `usageCount` tinyint(3) unsigned DEFAULT NULL,
  `expiryDate` datetime NOT NULL,
  `dateCreated` datetime NOT NULL,
  `dateUpdated` datetime NOT NULL,
  `uid` char(36) COLLATE utf8_unicode_ci NOT NULL DEFAULT '0',
  PRIMARY KEY (`id`),
  UNIQUE KEY `katr_tokens_token_unq_idx` (`token`),
  KEY `katr_tokens_expiryDate_idx` (`expiryDate`)
) ENGINE=InnoDB DEFAULT CHARSET=utf8 COLLATE=utf8_unicode_ci;

DROP TABLE IF EXISTS `katr_usergroups`;


--
-- Schema for table `katr_usergroups`
--
CREATE TABLE `katr_usergroups` (
  `id` int(11) NOT NULL AUTO_INCREMENT,
  `name` varchar(255) COLLATE utf8_unicode_ci NOT NULL,
  `handle` varchar(255) COLLATE utf8_unicode_ci NOT NULL,
  `dateCreated` datetime NOT NULL,
  `dateUpdated` datetime NOT NULL,
  `uid` char(36) COLLATE utf8_unicode_ci NOT NULL DEFAULT '0',
  PRIMARY KEY (`id`)
) ENGINE=InnoDB AUTO_INCREMENT=4 DEFAULT CHARSET=utf8 COLLATE=utf8_unicode_ci;

--
-- Data for table `katr_usergroups`
--

INSERT INTO `katr_usergroups` (`id`, `name`, `handle`, `dateCreated`, `dateUpdated`, `uid`) VALUES
 ('1', 'Uživatelé', 'uzivatele', '2016-02-02 13:07:52', '2016-02-02 13:07:52', '7545f9e3-6850-4a23-9278-a15ecc468f54'),
 ('2', 'Editoři', 'editori', '2016-02-02 13:09:11', '2016-02-09 16:08:22', '91517e59-a9f2-444d-aab5-371005090057'),
 ('3', 'Správce', 'spravce', '2016-02-03 13:02:12', '2016-02-03 13:02:12', '38ad00d7-126d-435b-9b06-3fdd45fe63b3');



DROP TABLE IF EXISTS `katr_usergroups_users`;


--
-- Schema for table `katr_usergroups_users`
--
CREATE TABLE `katr_usergroups_users` (
  `id` int(11) NOT NULL AUTO_INCREMENT,
  `groupId` int(11) NOT NULL,
  `userId` int(11) NOT NULL,
  `dateCreated` datetime NOT NULL,
  `dateUpdated` datetime NOT NULL,
  `uid` char(36) COLLATE utf8_unicode_ci NOT NULL DEFAULT '0',
  PRIMARY KEY (`id`),
  UNIQUE KEY `katr_usergroups_users_groupId_userId_unq_idx` (`groupId`,`userId`),
  KEY `katr_usergroups_users_userId_fk` (`userId`)
) ENGINE=InnoDB AUTO_INCREMENT=6 DEFAULT CHARSET=utf8 COLLATE=utf8_unicode_ci;

--
-- Data for table `katr_usergroups_users`
--

INSERT INTO `katr_usergroups_users` (`id`, `groupId`, `userId`, `dateCreated`, `dateUpdated`, `uid`) VALUES
 ('5', '2', '78', '2016-02-09 16:04:39', '2016-02-09 16:04:39', '55920ff3-8008-4371-a90c-ac9aef3dab37');



DROP TABLE IF EXISTS `katr_userpermissions`;


--
-- Schema for table `katr_userpermissions`
--
CREATE TABLE `katr_userpermissions` (
  `id` int(11) NOT NULL AUTO_INCREMENT,
  `name` varchar(255) COLLATE utf8_unicode_ci NOT NULL,
  `dateCreated` datetime NOT NULL,
  `dateUpdated` datetime NOT NULL,
  `uid` char(36) COLLATE utf8_unicode_ci NOT NULL DEFAULT '0',
  PRIMARY KEY (`id`),
  UNIQUE KEY `katr_userpermissions_name_unq_idx` (`name`)
) ENGINE=InnoDB AUTO_INCREMENT=20 DEFAULT CHARSET=utf8 COLLATE=utf8_unicode_ci;

--
-- Data for table `katr_userpermissions`
--

INSERT INTO `katr_userpermissions` (`id`, `name`, `dateCreated`, `dateUpdated`, `uid`) VALUES
 ('1', 'accesssitewhensystemisoff', '2016-02-02 13:09:11', '2016-02-02 13:09:11', '62fb4aed-84ce-4b9c-93bc-0a1d5efe61d6'),
 ('2', 'accesscp', '2016-02-02 13:09:11', '2016-02-02 13:09:11', 'e42a50f9-4f3f-4c21-a523-ddae6e0543bc'),
 ('3', 'registerusers', '2016-02-02 13:09:11', '2016-02-02 13:09:11', '07ffaaf9-a52e-47c0-8018-5c1d2837fe1e'),
 ('4', 'administrateusers', '2016-02-02 13:09:11', '2016-02-02 13:09:11', '699efd7d-668e-49fe-9432-e405c56ddabf'),
 ('5', 'editusers', '2016-02-02 13:09:11', '2016-02-02 13:09:11', 'cc1e3daf-ffc8-4631-9355-4df1e88e46aa'),
 ('6', 'deleteusers', '2016-02-02 13:09:11', '2016-02-02 13:09:11', 'df23e6f4-5156-44da-93a8-3a1735d3a420'),
 ('7', 'editentries:5', '2016-02-02 13:09:11', '2016-02-02 13:09:11', '314c9827-5d92-44f0-8660-35bfe86730e1'),
 ('8', 'editentries:4', '2016-02-02 13:09:11', '2016-02-02 13:09:11', 'd78f18ab-2dbc-4872-996a-4e0f9ac5ab52'),
 ('9', 'editentries:2', '2016-02-02 13:09:11', '2016-02-02 13:09:11', '924596cf-63fb-421c-98db-2c4f32580c41'),
 ('10', 'editentries:6', '2016-02-02 13:09:11', '2016-02-02 13:09:11', '2449216d-3d69-477b-af48-43e1af4229d1'),
 ('11', 'publishentries:5', '2016-02-03 12:58:30', '2016-02-03 12:58:30', '37c6049a-9faa-4b8f-8847-e1b408b9e1de'),
 ('12', 'editpeerentries:5', '2016-02-03 12:58:30', '2016-02-03 12:58:30', 'fcd08b95-43c2-48c1-a15a-baf75d879059'),
 ('13', 'editpeerentrydrafts:5', '2016-02-03 12:58:30', '2016-02-03 12:58:30', '53e0a929-a507-457b-8ff0-15889657dc29'),
 ('14', 'publishentries:1', '2016-02-03 12:58:30', '2016-02-03 12:58:30', '928d287b-5ff8-4eab-96b5-fed5ea40b795'),
 ('15', 'editpeerentrydrafts:1', '2016-02-03 12:58:30', '2016-02-03 12:58:30', 'd724737d-2483-4427-b14f-3e8489ad1712'),
 ('16', 'editentries:1', '2016-02-03 12:58:30', '2016-02-03 12:58:30', 'fc40c477-ebae-438a-8eac-48d67dca6d2a'),
 ('17', 'viewassetsource:1', '2016-02-03 12:58:30', '2016-02-03 12:58:30', '6ea8236c-53ad-4a9c-8f55-271b9664a941'),
 ('18', 'viewassetsource:2', '2016-02-03 12:58:30', '2016-02-03 12:58:30', '15a4389d-b955-442b-8712-a04e9d9530a6'),
 ('19', 'viewassetsource:3', '2016-02-03 12:58:30', '2016-02-03 12:58:30', '991467c9-e508-450e-9bb3-bf8f7f8bd11b');



DROP TABLE IF EXISTS `katr_userpermissions_usergroups`;


--
-- Schema for table `katr_userpermissions_usergroups`
--
CREATE TABLE `katr_userpermissions_usergroups` (
  `id` int(11) NOT NULL AUTO_INCREMENT,
  `permissionId` int(11) NOT NULL,
  `groupId` int(11) NOT NULL,
  `dateCreated` datetime NOT NULL,
  `dateUpdated` datetime NOT NULL,
  `uid` char(36) COLLATE utf8_unicode_ci NOT NULL DEFAULT '0',
  PRIMARY KEY (`id`),
  UNIQUE KEY `katr_userpermissions_usergroups_permissionId_groupId_unq_idx` (`permissionId`,`groupId`),
  KEY `katr_userpermissions_usergroups_groupId_fk` (`groupId`)
) ENGINE=InnoDB AUTO_INCREMENT=38 DEFAULT CHARSET=utf8 COLLATE=utf8_unicode_ci;

--
-- Data for table `katr_userpermissions_usergroups`
--

INSERT INTO `katr_userpermissions_usergroups` (`id`, `permissionId`, `groupId`, `dateCreated`, `dateUpdated`, `uid`) VALUES
 ('11', '1', '3', '2016-02-03 13:02:13', '2016-02-03 13:02:13', '327cd107-48bb-4dc7-bbfc-ebcc1fa24dd3'),
 ('12', '2', '3', '2016-02-03 13:02:13', '2016-02-03 13:02:13', 'e56d1e8f-9aa6-4da7-b101-8c91e4f70b11'),
 ('13', '5', '3', '2016-02-03 13:02:13', '2016-02-03 13:02:13', '136e9f48-d34c-4080-a156-11d6c4c87b0f'),
 ('14', '6', '3', '2016-02-03 13:02:13', '2016-02-03 13:02:13', '60e904d7-776a-444d-aae8-d9903b6b3a72'),
 ('15', '7', '3', '2016-02-03 13:02:13', '2016-02-03 13:02:13', 'c25998f9-d261-49ab-83e0-bb888ed621d1'),
 ('16', '16', '3', '2016-02-03 13:02:13', '2016-02-03 13:02:13', '4f2c19a9-bc1c-4bb2-854d-200f0c97967e'),
 ('17', '8', '3', '2016-02-03 13:02:13', '2016-02-03 13:02:13', '49b4a770-19aa-46bd-8932-523c3e127a6f'),
 ('18', '9', '3', '2016-02-03 13:02:13', '2016-02-03 13:02:13', 'e3eb509d-92fc-45a3-9f14-77894ac1675c'),
 ('19', '10', '3', '2016-02-03 13:02:13', '2016-02-03 13:02:13', 'e224279f-1610-46f2-8533-8da421e234cc'),
 ('20', '17', '3', '2016-02-03 13:02:13', '2016-02-03 13:02:13', 'f70caa89-9cb7-4127-b9a4-cdfb2f270d52'),
 ('21', '18', '3', '2016-02-03 13:02:13', '2016-02-03 13:02:13', '1ebf08c9-427d-4954-bfb3-4c06d1fed138'),
 ('22', '19', '3', '2016-02-03 13:02:13', '2016-02-03 13:02:13', '9e9c5a8c-8728-4ff6-954b-2f0b6335ec8e'),
 ('29', '1', '2', '2016-02-09 16:08:22', '2016-02-09 16:08:22', '518eab97-eb9a-4c61-a4fb-7480f401e846'),
 ('30', '2', '2', '2016-02-09 16:08:22', '2016-02-09 16:08:22', '34314088-1a59-41a5-a94e-bf25a8bdeb28'),
 ('31', '7', '2', '2016-02-09 16:08:22', '2016-02-09 16:08:22', '0659fc57-49db-40cf-a90c-96c1e43c9888'),
 ('32', '8', '2', '2016-02-09 16:08:22', '2016-02-09 16:08:22', 'aed708c2-1868-4482-9a74-0be7f4974feb'),
 ('33', '9', '2', '2016-02-09 16:08:22', '2016-02-09 16:08:22', '525e2771-7297-49b3-a6b2-a74a176f2056'),
 ('34', '10', '2', '2016-02-09 16:08:22', '2016-02-09 16:08:22', '88debfbd-c380-4fec-9b66-c4ef3006786b'),
 ('35', '17', '2', '2016-02-09 16:08:22', '2016-02-09 16:08:22', 'bb830116-c824-4be1-a927-d1f9ac92ee0c'),
 ('36', '18', '2', '2016-02-09 16:08:22', '2016-02-09 16:08:22', '3afa55c6-199e-4c06-8c0e-e9c0cf467ecf'),
 ('37', '19', '2', '2016-02-09 16:08:22', '2016-02-09 16:08:22', '80dd2396-f889-409b-95a6-7bca1771a3a7');



DROP TABLE IF EXISTS `katr_userpermissions_users`;


--
-- Schema for table `katr_userpermissions_users`
--
CREATE TABLE `katr_userpermissions_users` (
  `id` int(11) NOT NULL AUTO_INCREMENT,
  `permissionId` int(11) NOT NULL,
  `userId` int(11) NOT NULL,
  `dateCreated` datetime NOT NULL,
  `dateUpdated` datetime NOT NULL,
  `uid` char(36) COLLATE utf8_unicode_ci NOT NULL DEFAULT '0',
  PRIMARY KEY (`id`),
  UNIQUE KEY `katr_userpermissions_users_permissionId_userId_unq_idx` (`permissionId`,`userId`),
  KEY `katr_userpermissions_users_userId_fk` (`userId`)
) ENGINE=InnoDB DEFAULT CHARSET=utf8 COLLATE=utf8_unicode_ci;

DROP TABLE IF EXISTS `katr_users`;


--
-- Schema for table `katr_users`
--
CREATE TABLE `katr_users` (
  `id` int(11) NOT NULL,
  `username` varchar(100) COLLATE utf8_unicode_ci NOT NULL,
  `photo` varchar(100) COLLATE utf8_unicode_ci DEFAULT NULL,
  `firstName` varchar(100) COLLATE utf8_unicode_ci DEFAULT NULL,
  `lastName` varchar(100) COLLATE utf8_unicode_ci DEFAULT NULL,
  `email` varchar(255) COLLATE utf8_unicode_ci NOT NULL,
  `password` char(255) COLLATE utf8_unicode_ci DEFAULT NULL,
  `preferredLocale` char(12) COLLATE utf8_unicode_ci DEFAULT NULL,
  `weekStartDay` tinyint(1) unsigned NOT NULL DEFAULT '0',
  `admin` tinyint(1) unsigned NOT NULL DEFAULT '0',
  `client` tinyint(1) unsigned NOT NULL DEFAULT '0',
  `locked` tinyint(1) unsigned NOT NULL DEFAULT '0',
  `suspended` tinyint(1) unsigned NOT NULL DEFAULT '0',
  `pending` tinyint(1) unsigned NOT NULL DEFAULT '0',
  `archived` tinyint(1) unsigned NOT NULL DEFAULT '0',
  `lastLoginDate` datetime DEFAULT NULL,
  `lastLoginAttemptIPAddress` varchar(45) COLLATE utf8_unicode_ci DEFAULT NULL,
  `invalidLoginWindowStart` datetime DEFAULT NULL,
  `invalidLoginCount` tinyint(4) unsigned DEFAULT NULL,
  `lastInvalidLoginDate` datetime DEFAULT NULL,
  `lockoutDate` datetime DEFAULT NULL,
  `verificationCode` char(100) COLLATE utf8_unicode_ci DEFAULT NULL,
  `verificationCodeIssuedDate` datetime DEFAULT NULL,
  `unverifiedEmail` varchar(255) COLLATE utf8_unicode_ci DEFAULT NULL,
  `passwordResetRequired` tinyint(1) unsigned NOT NULL DEFAULT '0',
  `lastPasswordChangeDate` datetime DEFAULT NULL,
  `dateCreated` datetime NOT NULL,
  `dateUpdated` datetime NOT NULL,
  `uid` char(36) COLLATE utf8_unicode_ci NOT NULL DEFAULT '0',
  PRIMARY KEY (`id`),
  UNIQUE KEY `katr_users_username_unq_idx` (`username`),
  UNIQUE KEY `katr_users_email_unq_idx` (`email`),
  KEY `katr_users_verificationCode_idx` (`verificationCode`),
  KEY `katr_users_uid_idx` (`uid`),
  KEY `katr_users_preferredLocale_fk` (`preferredLocale`)
) ENGINE=InnoDB DEFAULT CHARSET=utf8 COLLATE=utf8_unicode_ci;

--
-- Data for table `katr_users`
--

INSERT INTO `katr_users` (`id`, `username`, `photo`, `firstName`, `lastName`, `email`, `password`, `preferredLocale`, `weekStartDay`, `admin`, `client`, `locked`, `suspended`, `pending`, `archived`, `lastLoginDate`, `lastLoginAttemptIPAddress`, `invalidLoginWindowStart`, `invalidLoginCount`, `lastInvalidLoginDate`, `lockoutDate`, `verificationCode`, `verificationCodeIssuedDate`, `unverifiedEmail`, `passwordResetRequired`, `lastPasswordChangeDate`, `dateCreated`, `dateUpdated`, `uid`) VALUES
 ('1', 'administrator', NULL, NULL, NULL, 'alexandr@odoka.cz', '$2y$13$4CTyGoGGxUl64tNnYPWole7wzfv9RuHFoengCCPkGXB3NAgQVZeZO', NULL, '0', '1', '0', '0', '0', '0', '0', '2016-02-10 16:30:52', '127.0.0.1', NULL, NULL, NULL, NULL, NULL, NULL, NULL, '0', '2016-02-01 15:21:42', '2016-02-01 15:21:42', '2016-02-10 16:30:52', 'ca8e2abf-2be8-4295-a092-bf3c51ffdf8d'),
 ('76', 'mhotovec', NULL, 'Michal', 'Hotovec', 'michal.hotovec@gmail.com', '$2y$13$obu2bkfbXVoCGYNm5ZQkdOWvi45eDvrhALrlGl9vnkDuFlYK6XAOC', NULL, '1', '1', '0', '0', '0', '0', '0', '2016-02-04 11:15:25', '127.0.0.1', NULL, NULL, NULL, NULL, NULL, NULL, NULL, '0', '2016-02-04 11:15:13', '2016-02-02 13:06:46', '2016-02-04 11:15:25', '148ea94d-c66a-4c72-8cea-068458a4304f'),
 ('78', 'testeditor', NULL, 'lexyk', 'hudečků', 'lexislav@centrum.cz', '$2y$13$1AQlrtVr/dfmFM4qdERUg.47M2cuWLlPsiNtAu/xUfC0PxtaOnsm.', NULL, '1', '0', '0', '0', '0', '0', '0', '2016-02-09 16:08:32', '94.113.122.68', NULL, NULL, NULL, NULL, NULL, NULL, NULL, '0', '2016-02-09 16:05:30', '2016-02-03 13:03:25', '2016-02-09 16:08:32', '48c35160-00e3-4c07-93c7-3636b935f9c2');



DROP TABLE IF EXISTS `katr_widgets`;


--
-- Schema for table `katr_widgets`
--
CREATE TABLE `katr_widgets` (
  `id` int(11) NOT NULL AUTO_INCREMENT,
  `userId` int(11) NOT NULL,
  `type` varchar(150) COLLATE utf8_unicode_ci NOT NULL,
  `sortOrder` tinyint(4) DEFAULT NULL,
  `colspan` tinyint(4) unsigned DEFAULT NULL,
  `settings` text COLLATE utf8_unicode_ci,
  `enabled` tinyint(1) unsigned NOT NULL DEFAULT '1',
  `dateCreated` datetime NOT NULL,
  `dateUpdated` datetime NOT NULL,
  `uid` char(36) COLLATE utf8_unicode_ci NOT NULL DEFAULT '0',
  PRIMARY KEY (`id`),
  KEY `katr_widgets_userId_fk` (`userId`)
) ENGINE=InnoDB AUTO_INCREMENT=11 DEFAULT CHARSET=utf8 COLLATE=utf8_unicode_ci;

--
-- Data for table `katr_widgets`
--

INSERT INTO `katr_widgets` (`id`, `userId`, `type`, `sortOrder`, `colspan`, `settings`, `enabled`, `dateCreated`, `dateUpdated`, `uid`) VALUES
 ('1', '1', 'RecentEntries', '1', '1', NULL, '1', '2016-02-01 15:21:51', '2016-02-02 13:20:16', '3e37ee5d-5e07-4652-b1d8-50a86f89cfa2'),
 ('2', '1', 'GetHelp', '4', NULL, NULL, '1', '2016-02-01 15:21:51', '2016-02-02 13:20:16', '8fad74f4-830e-4f0f-b485-692c31ce5c3b'),
 ('3', '1', 'Updates', '3', '1', NULL, '1', '2016-02-01 15:21:51', '2016-02-02 13:20:16', '56ca688b-ecbc-4cd8-8692-bca293c7d31a'),
 ('4', '1', 'Feed', '2', '1', '{\"url\":\"https:\\/\\/craftcms.com\\/news.rss\",\"title\":\"Craft News\"}', '1', '2016-02-01 15:21:51', '2016-02-02 13:20:16', 'c3da62b0-f21c-4383-bafa-160d7f60651f'),
 ('5', '76', 'RecentEntries', '1', NULL, NULL, '1', '2016-02-04 11:13:24', '2016-02-04 11:13:24', 'c12720cf-ed98-43d6-bb4d-f245bff3a9ef'),
 ('6', '76', 'GetHelp', '2', NULL, NULL, '1', '2016-02-04 11:13:24', '2016-02-04 11:13:24', '6b1ffd47-a13d-41f9-b2e9-e5aa8205a434'),
 ('7', '76', 'Updates', '3', NULL, NULL, '1', '2016-02-04 11:13:24', '2016-02-04 11:13:24', '2c5a5fa5-3514-4016-9b8e-df13de2233c4'),
 ('8', '76', 'Feed', '4', NULL, '{\"url\":\"https:\\/\\/craftcms.com\\/news.rss\",\"title\":\"Craft News\"}', '1', '2016-02-04 11:13:24', '2016-02-04 11:13:24', '3d59e25a-b546-467f-9183-5d7dce2dac7c'),
 ('9', '78', 'RecentEntries', '1', NULL, NULL, '1', '2016-02-09 16:05:45', '2016-02-09 16:05:45', '8c591da5-5fc5-4d0e-93e5-fed934e03453'),
 ('10', '78', 'Feed', '2', NULL, '{\"url\":\"https:\\/\\/craftcms.com\\/news.rss\",\"title\":\"Craft News\"}', '1', '2016-02-09 16:05:46', '2016-02-09 16:05:46', 'b15bd126-d186-4677-905f-b23476082c0c');


--
-- Constraints for tables
--


--
-- Constraints for table `katr_assetfiles`
--
ALTER TABLE `katr_assetfiles`
	ADD CONSTRAINT `katr_assetfiles_folderId_fk` FOREIGN KEY (`folderId`) REFERENCES `katr_assetfolders` (`id`) ON DELETE CASCADE,
	ADD CONSTRAINT `katr_assetfiles_id_fk` FOREIGN KEY (`id`) REFERENCES `katr_elements` (`id`) ON DELETE CASCADE,
	ADD CONSTRAINT `katr_assetfiles_sourceId_fk` FOREIGN KEY (`sourceId`) REFERENCES `katr_assetsources` (`id`) ON DELETE CASCADE;

--
-- Constraints for table `katr_assetfolders`
--
ALTER TABLE `katr_assetfolders`
	ADD CONSTRAINT `katr_assetfolders_parentId_fk` FOREIGN KEY (`parentId`) REFERENCES `katr_assetfolders` (`id`) ON DELETE CASCADE,
	ADD CONSTRAINT `katr_assetfolders_sourceId_fk` FOREIGN KEY (`sourceId`) REFERENCES `katr_assetsources` (`id`) ON DELETE CASCADE;

--
-- Constraints for table `katr_assetindexdata`
--
ALTER TABLE `katr_assetindexdata`
	ADD CONSTRAINT `katr_assetindexdata_sourceId_fk` FOREIGN KEY (`sourceId`) REFERENCES `katr_assetsources` (`id`) ON DELETE CASCADE;

--
-- Constraints for table `katr_assetsources`
--
ALTER TABLE `katr_assetsources`
	ADD CONSTRAINT `katr_assetsources_fieldLayoutId_fk` FOREIGN KEY (`fieldLayoutId`) REFERENCES `katr_fieldlayouts` (`id`) ON DELETE SET NULL;

--
-- Constraints for table `katr_categories`
--
ALTER TABLE `katr_categories`
	ADD CONSTRAINT `katr_categories_groupId_fk` FOREIGN KEY (`groupId`) REFERENCES `katr_categorygroups` (`id`) ON DELETE CASCADE,
	ADD CONSTRAINT `katr_categories_id_fk` FOREIGN KEY (`id`) REFERENCES `katr_elements` (`id`) ON DELETE CASCADE;

--
-- Constraints for table `katr_categorygroups`
--
ALTER TABLE `katr_categorygroups`
	ADD CONSTRAINT `katr_categorygroups_fieldLayoutId_fk` FOREIGN KEY (`fieldLayoutId`) REFERENCES `katr_fieldlayouts` (`id`) ON DELETE SET NULL,
	ADD CONSTRAINT `katr_categorygroups_structureId_fk` FOREIGN KEY (`structureId`) REFERENCES `katr_structures` (`id`) ON DELETE CASCADE;

--
-- Constraints for table `katr_categorygroups_i18n`
--
ALTER TABLE `katr_categorygroups_i18n`
	ADD CONSTRAINT `katr_categorygroups_i18n_groupId_fk` FOREIGN KEY (`groupId`) REFERENCES `katr_categorygroups` (`id`) ON DELETE CASCADE,
	ADD CONSTRAINT `katr_categorygroups_i18n_locale_fk` FOREIGN KEY (`locale`) REFERENCES `katr_locales` (`locale`) ON DELETE CASCADE ON UPDATE CASCADE;

--
-- Constraints for table `katr_content`
--
ALTER TABLE `katr_content`
	ADD CONSTRAINT `katr_content_elementId_fk` FOREIGN KEY (`elementId`) REFERENCES `katr_elements` (`id`) ON DELETE CASCADE,
	ADD CONSTRAINT `katr_content_locale_fk` FOREIGN KEY (`locale`) REFERENCES `katr_locales` (`locale`) ON DELETE CASCADE ON UPDATE CASCADE;

--
-- Constraints for table `katr_elements_i18n`
--
ALTER TABLE `katr_elements_i18n`
	ADD CONSTRAINT `katr_elements_i18n_elementId_fk` FOREIGN KEY (`elementId`) REFERENCES `katr_elements` (`id`) ON DELETE CASCADE,
	ADD CONSTRAINT `katr_elements_i18n_locale_fk` FOREIGN KEY (`locale`) REFERENCES `katr_locales` (`locale`) ON DELETE CASCADE ON UPDATE CASCADE;

--
-- Constraints for table `katr_emailmessages`
--
ALTER TABLE `katr_emailmessages`
	ADD CONSTRAINT `katr_emailmessages_locale_fk` FOREIGN KEY (`locale`) REFERENCES `katr_locales` (`locale`) ON DELETE CASCADE ON UPDATE CASCADE;

--
-- Constraints for table `katr_entries`
--
ALTER TABLE `katr_entries`
	ADD CONSTRAINT `katr_entries_authorId_fk` FOREIGN KEY (`authorId`) REFERENCES `katr_users` (`id`) ON DELETE CASCADE,
	ADD CONSTRAINT `katr_entries_id_fk` FOREIGN KEY (`id`) REFERENCES `katr_elements` (`id`) ON DELETE CASCADE,
	ADD CONSTRAINT `katr_entries_sectionId_fk` FOREIGN KEY (`sectionId`) REFERENCES `katr_sections` (`id`) ON DELETE CASCADE,
	ADD CONSTRAINT `katr_entries_typeId_fk` FOREIGN KEY (`typeId`) REFERENCES `katr_entrytypes` (`id`) ON DELETE CASCADE;

--
-- Constraints for table `katr_entrydrafts`
--
ALTER TABLE `katr_entrydrafts`
	ADD CONSTRAINT `katr_entrydrafts_creatorId_fk` FOREIGN KEY (`creatorId`) REFERENCES `katr_users` (`id`) ON DELETE CASCADE,
	ADD CONSTRAINT `katr_entrydrafts_entryId_fk` FOREIGN KEY (`entryId`) REFERENCES `katr_entries` (`id`) ON DELETE CASCADE,
	ADD CONSTRAINT `katr_entrydrafts_locale_fk` FOREIGN KEY (`locale`) REFERENCES `katr_locales` (`locale`) ON DELETE CASCADE ON UPDATE CASCADE,
	ADD CONSTRAINT `katr_entrydrafts_sectionId_fk` FOREIGN KEY (`sectionId`) REFERENCES `katr_sections` (`id`) ON DELETE CASCADE;

--
-- Constraints for table `katr_entrytypes`
--
ALTER TABLE `katr_entrytypes`
	ADD CONSTRAINT `katr_entrytypes_fieldLayoutId_fk` FOREIGN KEY (`fieldLayoutId`) REFERENCES `katr_fieldlayouts` (`id`) ON DELETE SET NULL,
	ADD CONSTRAINT `katr_entrytypes_sectionId_fk` FOREIGN KEY (`sectionId`) REFERENCES `katr_sections` (`id`) ON DELETE CASCADE;

--
-- Constraints for table `katr_entryversions`
--
ALTER TABLE `katr_entryversions`
	ADD CONSTRAINT `katr_entryversions_creatorId_fk` FOREIGN KEY (`creatorId`) REFERENCES `katr_users` (`id`) ON DELETE SET NULL,
	ADD CONSTRAINT `katr_entryversions_entryId_fk` FOREIGN KEY (`entryId`) REFERENCES `katr_entries` (`id`) ON DELETE CASCADE,
	ADD CONSTRAINT `katr_entryversions_locale_fk` FOREIGN KEY (`locale`) REFERENCES `katr_locales` (`locale`) ON DELETE CASCADE ON UPDATE CASCADE,
	ADD CONSTRAINT `katr_entryversions_sectionId_fk` FOREIGN KEY (`sectionId`) REFERENCES `katr_sections` (`id`) ON DELETE CASCADE;

--
-- Constraints for table `katr_fieldlayoutfields`
--
ALTER TABLE `katr_fieldlayoutfields`
	ADD CONSTRAINT `katr_fieldlayoutfields_fieldId_fk` FOREIGN KEY (`fieldId`) REFERENCES `katr_fields` (`id`) ON DELETE CASCADE,
	ADD CONSTRAINT `katr_fieldlayoutfields_layoutId_fk` FOREIGN KEY (`layoutId`) REFERENCES `katr_fieldlayouts` (`id`) ON DELETE CASCADE,
	ADD CONSTRAINT `katr_fieldlayoutfields_tabId_fk` FOREIGN KEY (`tabId`) REFERENCES `katr_fieldlayouttabs` (`id`) ON DELETE CASCADE;

--
-- Constraints for table `katr_fieldlayouttabs`
--
ALTER TABLE `katr_fieldlayouttabs`
	ADD CONSTRAINT `katr_fieldlayouttabs_layoutId_fk` FOREIGN KEY (`layoutId`) REFERENCES `katr_fieldlayouts` (`id`) ON DELETE CASCADE;

--
-- Constraints for table `katr_fields`
--
ALTER TABLE `katr_fields`
	ADD CONSTRAINT `katr_fields_groupId_fk` FOREIGN KEY (`groupId`) REFERENCES `katr_fieldgroups` (`id`) ON DELETE CASCADE;

--
-- Constraints for table `katr_globalsets`
--
ALTER TABLE `katr_globalsets`
	ADD CONSTRAINT `katr_globalsets_fieldLayoutId_fk` FOREIGN KEY (`fieldLayoutId`) REFERENCES `katr_fieldlayouts` (`id`) ON DELETE SET NULL,
	ADD CONSTRAINT `katr_globalsets_id_fk` FOREIGN KEY (`id`) REFERENCES `katr_elements` (`id`) ON DELETE CASCADE;

--
-- Constraints for table `katr_matrixblocks`
--
ALTER TABLE `katr_matrixblocks`
	ADD CONSTRAINT `katr_matrixblocks_fieldId_fk` FOREIGN KEY (`fieldId`) REFERENCES `katr_fields` (`id`) ON DELETE CASCADE,
	ADD CONSTRAINT `katr_matrixblocks_id_fk` FOREIGN KEY (`id`) REFERENCES `katr_elements` (`id`) ON DELETE CASCADE,
	ADD CONSTRAINT `katr_matrixblocks_ownerId_fk` FOREIGN KEY (`ownerId`) REFERENCES `katr_elements` (`id`) ON DELETE CASCADE,
	ADD CONSTRAINT `katr_matrixblocks_ownerLocale_fk` FOREIGN KEY (`ownerLocale`) REFERENCES `katr_locales` (`locale`) ON DELETE CASCADE ON UPDATE CASCADE,
	ADD CONSTRAINT `katr_matrixblocks_typeId_fk` FOREIGN KEY (`typeId`) REFERENCES `katr_matrixblocktypes` (`id`) ON DELETE CASCADE;

--
-- Constraints for table `katr_matrixblocktypes`
--
ALTER TABLE `katr_matrixblocktypes`
	ADD CONSTRAINT `katr_matrixblocktypes_fieldId_fk` FOREIGN KEY (`fieldId`) REFERENCES `katr_fields` (`id`) ON DELETE CASCADE,
	ADD CONSTRAINT `katr_matrixblocktypes_fieldLayoutId_fk` FOREIGN KEY (`fieldLayoutId`) REFERENCES `katr_fieldlayouts` (`id`) ON DELETE SET NULL;

--
-- Constraints for table `katr_matrixcontent_doplkovegalerie`
--
ALTER TABLE `katr_matrixcontent_doplkovegalerie`
	ADD CONSTRAINT `katr_matrixcontent_doplkovegalerie_elementId_fk` FOREIGN KEY (`elementId`) REFERENCES `katr_elements` (`id`) ON DELETE CASCADE,
	ADD CONSTRAINT `katr_matrixcontent_doplkovegalerie_locale_fk` FOREIGN KEY (`locale`) REFERENCES `katr_locales` (`locale`) ON DELETE CASCADE ON UPDATE CASCADE;

--
-- Constraints for table `katr_matrixcontent_doplnkoveinformace`
--
ALTER TABLE `katr_matrixcontent_doplnkoveinformace`
	ADD CONSTRAINT `katr_matrixcontent_doplnkoveinformace_elementId_fk` FOREIGN KEY (`elementId`) REFERENCES `katr_elements` (`id`) ON DELETE CASCADE,
	ADD CONSTRAINT `katr_matrixcontent_doplnkoveinformace_locale_fk` FOREIGN KEY (`locale`) REFERENCES `katr_locales` (`locale`) ON DELETE CASCADE ON UPDATE CASCADE;

--
-- Constraints for table `katr_matrixcontent_pevnyodkaz`
--
ALTER TABLE `katr_matrixcontent_pevnyodkaz`
	ADD CONSTRAINT `katr_matrixcontent_pevnyodkaz_elementId_fk` FOREIGN KEY (`elementId`) REFERENCES `katr_elements` (`id`) ON DELETE CASCADE,
	ADD CONSTRAINT `katr_matrixcontent_pevnyodkaz_locale_fk` FOREIGN KEY (`locale`) REFERENCES `katr_locales` (`locale`) ON DELETE CASCADE ON UPDATE CASCADE;

--
-- Constraints for table `katr_matrixcontent_schemata`
--
ALTER TABLE `katr_matrixcontent_schemata`
	ADD CONSTRAINT `katr_matrixcontent_schemata_elementId_fk` FOREIGN KEY (`elementId`) REFERENCES `katr_elements` (`id`) ON DELETE CASCADE,
	ADD CONSTRAINT `katr_matrixcontent_schemata_locale_fk` FOREIGN KEY (`locale`) REFERENCES `katr_locales` (`locale`) ON DELETE CASCADE ON UPDATE CASCADE;

--
-- Constraints for table `katr_migrations`
--
ALTER TABLE `katr_migrations`
	ADD CONSTRAINT `katr_migrations_pluginId_fk` FOREIGN KEY (`pluginId`) REFERENCES `katr_plugins` (`id`) ON DELETE CASCADE;

--
-- Constraints for table `katr_relations`
--
ALTER TABLE `katr_relations`
	ADD CONSTRAINT `katr_relations_fieldId_fk` FOREIGN KEY (`fieldId`) REFERENCES `katr_fields` (`id`) ON DELETE CASCADE,
	ADD CONSTRAINT `katr_relations_sourceId_fk` FOREIGN KEY (`sourceId`) REFERENCES `katr_elements` (`id`) ON DELETE CASCADE,
	ADD CONSTRAINT `katr_relations_sourceLocale_fk` FOREIGN KEY (`sourceLocale`) REFERENCES `katr_locales` (`locale`) ON DELETE CASCADE ON UPDATE CASCADE,
	ADD CONSTRAINT `katr_relations_targetId_fk` FOREIGN KEY (`targetId`) REFERENCES `katr_elements` (`id`) ON DELETE CASCADE;

--
-- Constraints for table `katr_routes`
--
ALTER TABLE `katr_routes`
	ADD CONSTRAINT `katr_routes_locale_fk` FOREIGN KEY (`locale`) REFERENCES `katr_locales` (`locale`) ON DELETE CASCADE ON UPDATE CASCADE;

--
-- Constraints for table `katr_sections`
--
ALTER TABLE `katr_sections`
	ADD CONSTRAINT `katr_sections_structureId_fk` FOREIGN KEY (`structureId`) REFERENCES `katr_structures` (`id`) ON DELETE SET NULL;

--
-- Constraints for table `katr_sections_i18n`
--
ALTER TABLE `katr_sections_i18n`
	ADD CONSTRAINT `katr_sections_i18n_locale_fk` FOREIGN KEY (`locale`) REFERENCES `katr_locales` (`locale`) ON DELETE CASCADE ON UPDATE CASCADE,
	ADD CONSTRAINT `katr_sections_i18n_sectionId_fk` FOREIGN KEY (`sectionId`) REFERENCES `katr_sections` (`id`) ON DELETE CASCADE;

--
-- Constraints for table `katr_sessions`
--
ALTER TABLE `katr_sessions`
	ADD CONSTRAINT `katr_sessions_userId_fk` FOREIGN KEY (`userId`) REFERENCES `katr_users` (`id`) ON DELETE CASCADE;

--
-- Constraints for table `katr_shunnedmessages`
--
ALTER TABLE `katr_shunnedmessages`
	ADD CONSTRAINT `katr_shunnedmessages_userId_fk` FOREIGN KEY (`userId`) REFERENCES `katr_users` (`id`) ON DELETE CASCADE;

--
-- Constraints for table `katr_structureelements`
--
ALTER TABLE `katr_structureelements`
	ADD CONSTRAINT `katr_structureelements_elementId_fk` FOREIGN KEY (`elementId`) REFERENCES `katr_elements` (`id`) ON DELETE CASCADE,
	ADD CONSTRAINT `katr_structureelements_structureId_fk` FOREIGN KEY (`structureId`) REFERENCES `katr_structures` (`id`) ON DELETE CASCADE;

--
-- Constraints for table `katr_taggroups`
--
ALTER TABLE `katr_taggroups`
	ADD CONSTRAINT `katr_taggroups_fieldLayoutId_fk` FOREIGN KEY (`fieldLayoutId`) REFERENCES `katr_fieldlayouts` (`id`) ON DELETE SET NULL;

--
-- Constraints for table `katr_tags`
--
ALTER TABLE `katr_tags`
	ADD CONSTRAINT `katr_tags_groupId_fk` FOREIGN KEY (`groupId`) REFERENCES `katr_taggroups` (`id`) ON DELETE CASCADE,
	ADD CONSTRAINT `katr_tags_id_fk` FOREIGN KEY (`id`) REFERENCES `katr_elements` (`id`) ON DELETE CASCADE;

--
-- Constraints for table `katr_templatecachecriteria`
--
ALTER TABLE `katr_templatecachecriteria`
	ADD CONSTRAINT `katr_templatecachecriteria_cacheId_fk` FOREIGN KEY (`cacheId`) REFERENCES `katr_templatecaches` (`id`) ON DELETE CASCADE;

--
-- Constraints for table `katr_templatecacheelements`
--
ALTER TABLE `katr_templatecacheelements`
	ADD CONSTRAINT `katr_templatecacheelements_cacheId_fk` FOREIGN KEY (`cacheId`) REFERENCES `katr_templatecaches` (`id`) ON DELETE CASCADE,
	ADD CONSTRAINT `katr_templatecacheelements_elementId_fk` FOREIGN KEY (`elementId`) REFERENCES `katr_elements` (`id`) ON DELETE CASCADE;

--
-- Constraints for table `katr_templatecaches`
--
ALTER TABLE `katr_templatecaches`
	ADD CONSTRAINT `katr_templatecaches_locale_fk` FOREIGN KEY (`locale`) REFERENCES `katr_locales` (`locale`) ON DELETE CASCADE ON UPDATE CASCADE;

--
-- Constraints for table `katr_usergroups_users`
--
ALTER TABLE `katr_usergroups_users`
	ADD CONSTRAINT `katr_usergroups_users_groupId_fk` FOREIGN KEY (`groupId`) REFERENCES `katr_usergroups` (`id`) ON DELETE CASCADE,
	ADD CONSTRAINT `katr_usergroups_users_userId_fk` FOREIGN KEY (`userId`) REFERENCES `katr_users` (`id`) ON DELETE CASCADE;

--
-- Constraints for table `katr_userpermissions_usergroups`
--
ALTER TABLE `katr_userpermissions_usergroups`
	ADD CONSTRAINT `katr_userpermissions_usergroups_groupId_fk` FOREIGN KEY (`groupId`) REFERENCES `katr_usergroups` (`id`) ON DELETE CASCADE,
	ADD CONSTRAINT `katr_userpermissions_usergroups_permissionId_fk` FOREIGN KEY (`permissionId`) REFERENCES `katr_userpermissions` (`id`) ON DELETE CASCADE;

--
-- Constraints for table `katr_userpermissions_users`
--
ALTER TABLE `katr_userpermissions_users`
	ADD CONSTRAINT `katr_userpermissions_users_permissionId_fk` FOREIGN KEY (`permissionId`) REFERENCES `katr_userpermissions` (`id`) ON DELETE CASCADE,
	ADD CONSTRAINT `katr_userpermissions_users_userId_fk` FOREIGN KEY (`userId`) REFERENCES `katr_users` (`id`) ON DELETE CASCADE;

--
-- Constraints for table `katr_users`
--
ALTER TABLE `katr_users`
	ADD CONSTRAINT `katr_users_id_fk` FOREIGN KEY (`id`) REFERENCES `katr_elements` (`id`) ON DELETE CASCADE,
	ADD CONSTRAINT `katr_users_preferredLocale_fk` FOREIGN KEY (`preferredLocale`) REFERENCES `katr_locales` (`locale`) ON DELETE SET NULL ON UPDATE CASCADE;

--
-- Constraints for table `katr_widgets`
--
ALTER TABLE `katr_widgets`
	ADD CONSTRAINT `katr_widgets_userId_fk` FOREIGN KEY (`userId`) REFERENCES `katr_users` (`id`) ON DELETE CASCADE;

SET FOREIGN_KEY_CHECKS = 1;
